{"cameraMode":{"drawMode":0,"name":"Shaded","section":"Shading Mode"},"sceneLighting":false,"audioPlay":false,"sceneViewState":{"m_AlwaysRefresh":false,"showFog":true,"showSkybox":false,"showFlares":true,"showImageEffects":true,"showParticleSystems":true,"showVisualEffectGraphs":true,"m_FxEnabled":true},"in2DMode":false,"pivot":{"x":585.9953002929688,"y":-152.70770263671876,"z":496.38641357421877},"rotation":{"x":0.15316760540008546,"y":0.08571013063192368,"z":-0.013167978264391423,"w":0.9846274256706238},"size":654.8368530273438,"orthographic":false}