{"cameraMode":{"drawMode":0,"name":"Shaded","section":"Shading Mode"},"sceneLighting":false,"audioPlay":false,"sceneViewState":{"m_AlwaysRefresh":false,"showFog":true,"showSkybox":false,"showFlares":true,"showImageEffects":true,"showParticleSystems":true,"showVisualEffectGraphs":true,"m_FxEnabled":true},"in2DMode":false,"pivot":{"x":0.1875290870666504,"y":-0.02260279655456543,"z":0.1233835220336914},"rotation":{"x":0.12945343554019929,"y":0.002653986681252718,"z":-0.00040348456241190434,"w":0.991653561592102},"size":4.191987037658691,"orthographic":false}