{"cameraMode":{"drawMode":0,"name":"Shaded","section":"Shading Mode"},"sceneLighting":false,"audioPlay":false,"sceneViewState":{"m_AlwaysRefresh":false,"showFog":true,"showSkybox":false,"showFlares":true,"showImageEffects":true,"showParticleSystems":true,"showVisualEffectGraphs":true,"m_FxEnabled":true},"in2DMode":false,"pivot":{"x":0.0000762939453125,"y":1.2670845985412598,"z":-0.000064849853515625},"rotation":{"x":0.12945343554019929,"y":0.002653986681252718,"z":-0.00040348456241190434,"w":0.991653561592102},"size":4.203463554382324,"orthographic":false}