{"cameraMode":{"drawMode":0,"name":"Shaded","section":"Shading Mode"},"sceneLighting":false,"audioPlay":false,"sceneViewState":{"m_AlwaysRefresh":false,"showFog":true,"showSkybox":true,"showFlares":true,"showImageEffects":true,"showParticleSystems":true,"showVisualEffectGraphs":true,"m_FxEnabled":true},"in2DMode":false,"pivot":{"x":8.737010955810547,"y":0.4591222405433655,"z":5.643628120422363},"rotation":{"x":0.026907317340373994,"y":0.9722209572792053,"z":-0.191247820854187,"w":0.13391727209091187},"size":1.6303092241287232,"orthographic":false}