{"cameraMode":{"drawMode":0,"name":"Shaded","section":"Shading Mode"},"sceneLighting":true,"audioPlay":false,"sceneViewState":{"m_AlwaysRefresh":false,"showFog":true,"showSkybox":true,"showFlares":true,"showImageEffects":true,"showParticleSystems":true,"showVisualEffectGraphs":true,"m_FxEnabled":true},"in2DMode":false,"pivot":{"x":1.3891611099243165,"y":-11.099568367004395,"z":-25.168575286865236},"rotation":{"x":0.2951582372188568,"y":0.36911118030548098,"z":-0.12286637723445893,"w":0.8730517029762268},"size":39.47731399536133,"orthographic":false}