{"cameraMode":{"drawMode":0,"name":"Shaded","section":"Shading Mode"},"sceneLighting":false,"audioPlay":false,"sceneViewState":{"m_AlwaysRefresh":false,"showFog":true,"showSkybox":true,"showFlares":true,"showImageEffects":true,"showParticleSystems":true,"showVisualEffectGraphs":true,"m_FxEnabled":true},"in2DMode":false,"pivot":{"x":0.9143641591072083,"y":4.114910125732422,"z":0.4245187044143677},"rotation":{"x":-0.08260073512792587,"y":0.017564458772540094,"z":0.0014133632648736239,"w":0.9966034889221191},"size":0.7505629658699036,"orthographic":false}