{"cameraMode":{"drawMode":0,"name":"Shaded","section":"Shading Mode"},"sceneLighting":false,"audioPlay":false,"sceneViewState":{"m_AlwaysRefresh":false,"showFog":true,"showSkybox":true,"showFlares":true,"showImageEffects":true,"showParticleSystems":true,"showVisualEffectGraphs":true,"m_FxEnabled":true},"in2DMode":false,"pivot":{"x":202.08639526367188,"y":373.27423095703127,"z":-28.514495849609376},"rotation":{"x":0.020940184593200685,"y":-0.9761607646942139,"z":0.10859020799398422,"w":0.1871940940618515},"size":509.2867431640625,"orthographic":false}