{"cameraMode":{"drawMode":0,"name":"Shaded","section":"Shading Mode"},"sceneLighting":false,"audioPlay":false,"sceneViewState":{"m_AlwaysRefresh":false,"showFog":true,"showSkybox":true,"showFlares":true,"showImageEffects":true,"showParticleSystems":true,"showVisualEffectGraphs":true,"m_FxEnabled":true},"in2DMode":false,"pivot":{"x":0.04945380985736847,"y":0.4864684045314789,"z":-0.007607996463775635},"rotation":{"x":0.001703918562270701,"y":0.9936888217926025,"z":0.016103841364383699,"w":-0.1120295599102974},"size":0.9008867144584656,"orthographic":false}