{"cameraMode":{"drawMode":0,"name":"Shaded","section":"Shading Mode"},"sceneLighting":false,"audioPlay":false,"sceneViewState":{"m_AlwaysRefresh":false,"showFog":true,"showSkybox":false,"showFlares":true,"showImageEffects":true,"showParticleSystems":true,"showVisualEffectGraphs":true,"m_FxEnabled":true},"in2DMode":false,"pivot":{"x":-0.04435074329376221,"y":0.022043466567993165,"z":-0.020496845245361329},"rotation":{"x":0.12945343554019929,"y":0.002653986681252718,"z":-0.00040348456241190434,"w":0.991653561592102},"size":2.957918882369995,"orthographic":false}