{"cameraMode":{"drawMode":0,"name":"Shaded","section":"Shading Mode"},"sceneLighting":false,"audioPlay":false,"sceneViewState":{"m_AlwaysRefresh":false,"showFog":true,"showSkybox":false,"showFlares":true,"showImageEffects":true,"showParticleSystems":true,"showVisualEffectGraphs":true,"m_FxEnabled":true},"in2DMode":false,"pivot":{"x":12.873067855834961,"y":13.363800048828125,"z":-12.02720832824707},"rotation":{"x":-0.017692498862743379,"y":-0.01719433255493641,"z":-0.0003344209399074316,"w":0.9999377727508545},"size":15.285356521606446,"orthographic":false}