{"cameraMode":{"drawMode":0,"name":"Shaded","section":"Shading Mode"},"sceneLighting":false,"audioPlay":false,"sceneViewState":{"m_AlwaysRefresh":false,"showFog":true,"showSkybox":false,"showFlares":true,"showImageEffects":true,"showParticleSystems":true,"showVisualEffectGraphs":true,"m_FxEnabled":true},"in2DMode":false,"pivot":{"x":-0.06306049227714539,"y":0.0015749633312225342,"z":-0.01595732569694519},"rotation":{"x":0.06567586213350296,"y":-0.05318320915102959,"z":0.0034509652759879829,"w":0.9964898824691773},"size":0.3434651792049408,"orthographic":false}