Using pre-set license
Built from '2023.2/release' branch; Version is '2023.2.4f1 (3a7eb0602d92) revision 3833520'; Using compiler version '193431935'; Build Type 'Release'
OS: 'Windows 11  (10.0.26200) 64bit Core' Language: 'en' Physical Memory: 32012 MB
BatchMode: 1, IsHumanControllingUs: 0, StartBugReporterOnCrash: 0, Is64bit: 1, IsPro: 1

COMMAND LINE ARGUMENTS:
C:\Program Files\Unity\Hub\Editor\2023.2.4f1\Editor\Unity.exe
-adb2
-batchMode
-noUpm
-name
AssetImportWorker2
-projectPath
C:/Users/trety/OneDrive/Documents/GitHub/CappiAstralMuseum/CappiAstralMuseum/Cappi Astral Museum
-logFile
Logs/AssetImportWorker2.log
-srvPort
50826
-job-worker-count
7
-background-job-worker-count
8
-asset-garbage-collectors
1
Successfully changed project path to: C:/Users/trety/OneDrive/Documents/GitHub/CappiAstralMuseum/CappiAstralMuseum/Cappi Astral Museum
C:/Users/trety/OneDrive/Documents/GitHub/CappiAstralMuseum/CappiAstralMuseum/Cappi Astral Museum
[UnityMemory] Configuration Parameters - Can be set up in boot.config
    "memorysetup-bucket-allocator-granularity=16"
    "memorysetup-bucket-allocator-bucket-count=8"
    "memorysetup-bucket-allocator-block-size=33554432"
    "memorysetup-bucket-allocator-block-count=8"
    "memorysetup-main-allocator-block-size=16777216"
    "memorysetup-thread-allocator-block-size=16777216"
    "memorysetup-gfx-main-allocator-block-size=16777216"
    "memorysetup-gfx-thread-allocator-block-size=16777216"
    "memorysetup-cache-allocator-block-size=4194304"
    "memorysetup-typetree-allocator-block-size=2097152"
    "memorysetup-profiler-bucket-allocator-granularity=16"
    "memorysetup-profiler-bucket-allocator-bucket-count=8"
    "memorysetup-profiler-bucket-allocator-block-size=33554432"
    "memorysetup-profiler-bucket-allocator-block-count=8"
    "memorysetup-profiler-allocator-block-size=16777216"
    "memorysetup-profiler-editor-allocator-block-size=1048576"
    "memorysetup-temp-allocator-size-main=16777216"
    "memorysetup-job-temp-allocator-block-size=2097152"
    "memorysetup-job-temp-allocator-block-size-background=1048576"
    "memorysetup-job-temp-allocator-reduction-small-platforms=262144"
    "memorysetup-allocator-temp-initial-block-size-main=262144"
    "memorysetup-allocator-temp-initial-block-size-worker=262144"
    "memorysetup-temp-allocator-size-background-worker=32768"
    "memorysetup-temp-allocator-size-job-worker=262144"
    "memorysetup-temp-allocator-size-preload-manager=33554432"
    "memorysetup-temp-allocator-size-nav-mesh-worker=65536"
    "memorysetup-temp-allocator-size-audio-worker=65536"
    "memorysetup-temp-allocator-size-cloud-worker=32768"
    "memorysetup-temp-allocator-size-gi-baking-worker=262144"
    "memorysetup-temp-allocator-size-gi-baking-worker=262144"
    "memorysetup-temp-allocator-size-gi-baking-worker=262144"
    "memorysetup-temp-allocator-size-gi-baking-worker=262144"
    "memorysetup-temp-allocator-size-gfx=262144"
Player connection [38784] Host "[IP] 192.168.191.142 [Port] 0 [Flags] 2 [Guid] 1162767862 [EditorId] 1162767862 [Version] 1048832 [Id] WindowsEditor(7,LAPTOP-K6D0DOT3) [Debug] 1 [PackageName] WindowsEditor [ProjectName] Editor" joined multi-casting on [225.0.0.222:54997]...
Player connection [38784] Host "[IP] 192.168.191.142 [Port] 0 [Flags] 2 [Guid] 1162767862 [EditorId] 1162767862 [Version] 1048832 [Id] WindowsEditor(7,LAPTOP-K6D0DOT3) [Debug] 1 [PackageName] WindowsEditor [ProjectName] Editor" joined alternative multi-casting on [225.0.0.222:34997]...
JobSystem: Creating JobQueue using job-worker-count value 7
[Physics::Module] Initialized MultithreadedJobDispatcher with 7 workers.
Library Redirect Path: Library/
Refreshing native plugins compatible for Editor in 2.40 ms, found 3 plugins.
Preloading 0 native plugins for Editor in 0.00 ms.
Initialize engine version: 2023.2.4f1 (3a7eb0602d92)
[Subsystems] Discovering subsystems at path C:/Program Files/Unity/Hub/Editor/2023.2.4f1/Editor/Data/Resources/UnitySubsystems
[Subsystems] Discovering subsystems at path C:/Users/trety/OneDrive/Documents/GitHub/CappiAstralMuseum/CappiAstralMuseum/Cappi Astral Museum/Assets
GfxDevice: creating device client; kGfxThreadingModeNonThreaded
Direct3D:
    Version:  Direct3D 11.0 [level 11.1]
    Renderer: NVIDIA GeForce RTX 3060 Laptop GPU (ID=0x2520)
    Vendor:   NVIDIA
    VRAM:     5994 MB
    Driver:   32.0.15.9186
Initialize mono
Mono path[0] = 'C:/Program Files/Unity/Hub/Editor/2023.2.4f1/Editor/Data/Managed'
Mono path[1] = 'C:/Program Files/Unity/Hub/Editor/2023.2.4f1/Editor/Data/MonoBleedingEdge/lib/mono/unityjit-win32'
Mono config path = 'C:/Program Files/Unity/Hub/Editor/2023.2.4f1/Editor/Data/MonoBleedingEdge/etc'
Using monoOptions --debugger-agent=transport=dt_socket,embedding=1,server=y,suspend=n,address=127.0.0.1:56176
Begin MonoManager ReloadAssembly
C:\build\output\Unity-Technologies\mono\mono\metadata\icall.c:1842:
C:\build\output\Unity-Technologies\mono\mono\metadata\icall.c:1842:
C:\build\output\Unity-Technologies\mono\mono\metadata\icall.c:1842:
C:\build\output\Unity-Technologies\mono\mono\metadata\icall.c:1842:
C:\build\output\Unity-Technologies\mono\mono\metadata\icall.c:1842:
C:\build\output\Unity-Technologies\mono\mono\metadata\icall.c:1842:
C:\build\output\Unity-Technologies\mono\mono\metadata\icall.c:1842:
C:\build\output\Unity-Technologies\mono\mono\metadata\icall.c:1842:
C:\build\output\Unity-Technologies\mono\mono\metadata\icall.c:1842:
C:\build\output\Unity-Technologies\mono\mono\metadata\icall.c:1842:
Registering precompiled unity dll's ...
Register platform support module: C:/Program Files/Unity/Hub/Editor/2023.2.4f1/Editor/Data/PlaybackEngines/WindowsStandaloneSupport/UnityEditor.WindowsStandalone.Extensions.dll
Registered in 0.004749 seconds.
- Loaded All Assemblies, in  0.695 seconds
Native extension for WindowsStandalone target not found
Mono: successfully reloaded assembly
C:\build\output\Unity-Technologies\mono\mono\metadata\icall.c:1842:
C:\build\output\Unity-Technologies\mono\mono\metadata\icall.c:1842:
- Finished resetting the current domain, in  0.421 seconds
Domain Reload Profiling: 1113ms
	BeginReloadAssembly (246ms)
		ExecutionOrderSort (0ms)
		DisableScriptedObjects (0ms)
		BackupInstance (0ms)
		ReleaseScriptingObjects (0ms)
		CreateAndSetChildDomain (2ms)
	RebuildCommonClasses (73ms)
	RebuildNativeTypeToScriptingClass (15ms)
	initialDomainReloadingComplete (86ms)
	LoadAllAssembliesAndSetupDomain (271ms)
		LoadAssemblies (237ms)
		RebuildTransferFunctionScriptingTraits (0ms)
		AnalyzeDomain (267ms)
			TypeCache.Refresh (265ms)
				TypeCache.ScanAssembly (244ms)
			BuildScriptInfoCaches (0ms)
			ResolveRequiredComponents (1ms)
	FinalizeReload (422ms)
		ReleaseScriptCaches (0ms)
		RebuildScriptCaches (0ms)
		SetupLoadedEditorAssemblies (346ms)
			LogAssemblyErrors (0ms)
			InitializePlatformSupportModulesInManaged (14ms)
			SetLoadedEditorAssemblies (7ms)
			BeforeProcessingInitializeOnLoad (10ms)
			ProcessInitializeOnLoadAttributes (262ms)
			ProcessInitializeOnLoadMethodAttributes (53ms)
			AfterProcessingInitializeOnLoad (0ms)
			EditorAssembliesLoaded (0ms)
		ExecutionOrderSort2 (0ms)
		AwakeInstancesAfterBackupRestoration (0ms)
========================================================================
Worker process is ready to serve import requests
Import Worker Mode flag is 0x00
Begin MonoManager ReloadAssembly
C:\build\output\Unity-Technologies\mono\mono\metadata\icall.c:1842:
C:\build\output\Unity-Technologies\mono\mono\metadata\icall.c:1842:
C:\build\output\Unity-Technologies\mono\mono\metadata\icall.c:1842:
C:\build\output\Unity-Technologies\mono\mono\metadata\icall.c:1842:
C:\build\output\Unity-Technologies\mono\mono\metadata\icall.c:1842:
C:\build\output\Unity-Technologies\mono\mono\metadata\icall.c:1842:
C:\build\output\Unity-Technologies\mono\mono\metadata\icall.c:1842:
C:\build\output\Unity-Technologies\mono\mono\metadata\icall.c:1842:
C:\build\output\Unity-Technologies\mono\mono\metadata\icall.c:1842:
C:\build\output\Unity-Technologies\mono\mono\metadata\icall.c:1842:
C:\build\output\Unity-Technologies\mono\mono\metadata\icall.c:1842:
C:\build\output\Unity-Technologies\mono\mono\metadata\icall.c:1842:
Symbol file LoadedFromMemory doesn't match image C:\Users\trety\OneDrive\Documents\GitHub\CappiAstralMuseum\CappiAstralMuseum\Cappi Astral Museum\Library\PackageCache\com.unity.visualscripting@1.8.0\Editor\VisualScripting.Core\Dependencies\YamlDotNet\Unity.VisualScripting.YamlDotNet.dll
Symbol file LoadedFromMemory doesn't match image C:\Users\trety\OneDrive\Documents\GitHub\CappiAstralMuseum\CappiAstralMuseum\Cappi Astral Museum\Library\PackageCache\com.unity.visualscripting@1.8.0\Editor\VisualScripting.Core\Dependencies\DotNetZip\Unity.VisualScripting.IonicZip.dll
Symbol file LoadedFromMemory is not a mono symbol file
- Loaded All Assemblies, in  1.278 seconds
Refreshing native plugins compatible for Editor in 2.84 ms, found 3 plugins.
Native extension for WindowsStandalone target not found
[MODES] ModeService[none].Initialize
[MODES] ModeService[none].LoadModes
[MODES] Loading mode Default (0) for mode-current-id-Cappi Astral Museum
Mono: successfully reloaded assembly
- Finished resetting the current domain, in  0.952 seconds
Domain Reload Profiling: 2224ms
	BeginReloadAssembly (451ms)
		ExecutionOrderSort (0ms)
		DisableScriptedObjects (8ms)
		BackupInstance (0ms)
		ReleaseScriptingObjects (0ms)
		CreateAndSetChildDomain (40ms)
	RebuildCommonClasses (45ms)
	RebuildNativeTypeToScriptingClass (14ms)
	initialDomainReloadingComplete (49ms)
	LoadAllAssembliesAndSetupDomain (712ms)
		LoadAssemblies (525ms)
		RebuildTransferFunctionScriptingTraits (0ms)
		AnalyzeDomain (322ms)
			TypeCache.Refresh (275ms)
				TypeCache.ScanAssembly (248ms)
			BuildScriptInfoCaches (36ms)
			ResolveRequiredComponents (7ms)
	FinalizeReload (953ms)
		ReleaseScriptCaches (0ms)
		RebuildScriptCaches (0ms)
		SetupLoadedEditorAssemblies (714ms)
			LogAssemblyErrors (0ms)
			InitializePlatformSupportModulesInManaged (4ms)
			SetLoadedEditorAssemblies (8ms)
			BeforeProcessingInitializeOnLoad (99ms)
			ProcessInitializeOnLoadAttributes (567ms)
			ProcessInitializeOnLoadMethodAttributes (29ms)
			AfterProcessingInitializeOnLoad (6ms)
			EditorAssembliesLoaded (0ms)
		ExecutionOrderSort2 (0ms)
		AwakeInstancesAfterBackupRestoration (8ms)
Launched and connected shader compiler UnityShaderCompiler.exe after 0.02 seconds
Refreshing native plugins compatible for Editor in 1.42 ms, found 3 plugins.
Preloading 0 native plugins for Editor in 0.00 ms.
Unloading 78 Unused Serialized files (Serialized files now loaded: 0)
Unloading 4495 unused Assets / (3.2 MB). Loaded Objects now: 5120.
Memory consumption went from 230.2 MB to 226.9 MB.
Total: 8.115600 ms (FindLiveObjects: 0.635400 ms CreateObjectMapping: 0.429100 ms MarkObjects: 4.866400 ms  DeleteObjects: 2.182700 ms)

========================================================================
Received Import Request.
  Time since last request: 54749.797306 seconds.
  path: Assets/Model/Players/cappi/Animations
  artifactKey: Guid(063f280f8a0a34545b2563214a2f78e2) Importer(815301076,1909f56bfc062723c751e8b465ee728b)
Start importing Assets/Model/Players/cappi/Animations using Guid(063f280f8a0a34545b2563214a2f78e2) Importer(815301076,1909f56bfc062723c751e8b465ee728b) (PreviewImporter) -> (artifact id: '18453e78b9f63f72d1ee7467a932ed98') in 0.0088741 seconds
Number of updated asset objects reloaded before import = 0Number of asset objects unloaded after import = 0

========================================================================
Received Import Request.
  Time since last request: 2156.065653 seconds.
  path: Assets/LevelHudIndicator.cs
  artifactKey: Guid(e3e14263c44e70441bb37daad10f13ea) Importer(815301076,1909f56bfc062723c751e8b465ee728b)
Start importing Assets/LevelHudIndicator.cs using Guid(e3e14263c44e70441bb37daad10f13ea) Importer(815301076,1909f56bfc062723c751e8b465ee728b) (PreviewImporter) -> (artifact id: 'f340ba29012b341feddd5783cab1ab53') in 0.0015437 seconds
Number of updated asset objects reloaded before import = 0Number of asset objects unloaded after import = 0

========================================================================
Received Prepare
Refreshing native plugins compatible for Editor in 2.33 ms, found 3 plugins.
Preloading 0 native plugins for Editor in 0.00 ms.
Unloading 15 Unused Serialized files (Serialized files now loaded: 0)
Unloading 4487 unused Assets / (3.2 MB). Loaded Objects now: 5122.
Memory consumption went from 214.7 MB to 211.5 MB.
Total: 69.788400 ms (FindLiveObjects: 1.330000 ms CreateObjectMapping: 1.075400 ms MarkObjects: 62.724100 ms  DeleteObjects: 4.656800 ms)

Prepare: number of updated asset objects reloaded= 0
========================================================================
Received Import Request.
  Time since last request: 444.308461 seconds.
  path: Assets/LevelHudIndicator.cs
  artifactKey: Guid(e3e14263c44e70441bb37daad10f13ea) Importer(815301076,1909f56bfc062723c751e8b465ee728b)
Start importing Assets/LevelHudIndicator.cs using Guid(e3e14263c44e70441bb37daad10f13ea) Importer(815301076,1909f56bfc062723c751e8b465ee728b) (PreviewImporter) -> (artifact id: '4ccd5d225af6dc517eb36a5f3d17f242') in 0.0616456 seconds
Number of updated asset objects reloaded before import = 0Number of asset objects unloaded after import = 0

========================================================================
Received Prepare
Refreshing native plugins compatible for Editor in 1.65 ms, found 3 plugins.
Preloading 0 native plugins for Editor in 0.00 ms.
Unloading 15 Unused Serialized files (Serialized files now loaded: 0)
Unloading 4487 unused Assets / (3.3 MB). Loaded Objects now: 5122.
Memory consumption went from 214.7 MB to 211.4 MB.
Total: 13.826600 ms (FindLiveObjects: 1.120600 ms CreateObjectMapping: 1.745900 ms MarkObjects: 7.515300 ms  DeleteObjects: 3.442700 ms)

Prepare: number of updated asset objects reloaded= 0
========================================================================
Received Prepare
Begin MonoManager ReloadAssembly
C:\build\output\Unity-Technologies\mono\mono\metadata\icall.c:1842:
C:\build\output\Unity-Technologies\mono\mono\metadata\icall.c:1842:
C:\build\output\Unity-Technologies\mono\mono\metadata\icall.c:1842:
C:\build\output\Unity-Technologies\mono\mono\metadata\icall.c:1842:
C:\build\output\Unity-Technologies\mono\mono\metadata\icall.c:1842:
C:\build\output\Unity-Technologies\mono\mono\metadata\icall.c:1842:
C:\build\output\Unity-Technologies\mono\mono\metadata\icall.c:1842:
C:\build\output\Unity-Technologies\mono\mono\metadata\icall.c:1842:
C:\build\output\Unity-Technologies\mono\mono\metadata\icall.c:1842:
C:\build\output\Unity-Technologies\mono\mono\metadata\icall.c:1842:
C:\build\output\Unity-Technologies\mono\mono\metadata\icall.c:1842:
C:\build\output\Unity-Technologies\mono\mono\metadata\icall.c:1842:
Symbol file LoadedFromMemory doesn't match image C:\Users\trety\OneDrive\Documents\GitHub\CappiAstralMuseum\CappiAstralMuseum\Cappi Astral Museum\Library\PackageCache\com.unity.visualscripting@1.8.0\Editor\VisualScripting.Core\Dependencies\YamlDotNet\Unity.VisualScripting.YamlDotNet.dll
Symbol file LoadedFromMemory doesn't match image C:\Users\trety\OneDrive\Documents\GitHub\CappiAstralMuseum\CappiAstralMuseum\Cappi Astral Museum\Library\PackageCache\com.unity.visualscripting@1.8.0\Editor\VisualScripting.Core\Dependencies\DotNetZip\Unity.VisualScripting.IonicZip.dll
Symbol file LoadedFromMemory is not a mono symbol file
- Loaded All Assemblies, in  1.885 seconds
Refreshing native plugins compatible for Editor in 2.85 ms, found 3 plugins.
Native extension for WindowsStandalone target not found
[MODES] ModeService[none].Initialize
[MODES] ModeService[none].LoadModes
[MODES] Loading mode Default (0) for mode-current-id-Cappi Astral Museum
Mono: successfully reloaded assembly
- Finished resetting the current domain, in  1.119 seconds
Domain Reload Profiling: 3012ms
	BeginReloadAssembly (459ms)
		ExecutionOrderSort (0ms)
		DisableScriptedObjects (13ms)
		BackupInstance (0ms)
		ReleaseScriptingObjects (0ms)
		CreateAndSetChildDomain (133ms)
	RebuildCommonClasses (85ms)
	RebuildNativeTypeToScriptingClass (46ms)
	initialDomainReloadingComplete (92ms)
	LoadAllAssembliesAndSetupDomain (1209ms)
		LoadAssemblies (1009ms)
		RebuildTransferFunctionScriptingTraits (0ms)
		AnalyzeDomain (426ms)
			TypeCache.Refresh (21ms)
				TypeCache.ScanAssembly (4ms)
			BuildScriptInfoCaches (371ms)
			ResolveRequiredComponents (18ms)
	FinalizeReload (1120ms)
		ReleaseScriptCaches (0ms)
		RebuildScriptCaches (0ms)
		SetupLoadedEditorAssemblies (750ms)
			LogAssemblyErrors (0ms)
			InitializePlatformSupportModulesInManaged (3ms)
			SetLoadedEditorAssemblies (5ms)
			BeforeProcessingInitializeOnLoad (101ms)
			ProcessInitializeOnLoadAttributes (604ms)
			ProcessInitializeOnLoadMethodAttributes (29ms)
			AfterProcessingInitializeOnLoad (8ms)
			EditorAssembliesLoaded (0ms)
		ExecutionOrderSort2 (0ms)
		AwakeInstancesAfterBackupRestoration (9ms)
Refreshing native plugins compatible for Editor in 2.10 ms, found 3 plugins.
Preloading 0 native plugins for Editor in 0.00 ms.
Unloading 15 Unused Serialized files (Serialized files now loaded: 0)
Unloading 4493 unused Assets / (3.3 MB). Loaded Objects now: 5123.
Memory consumption went from 218.2 MB to 215.0 MB.
Total: 9.237800 ms (FindLiveObjects: 0.594600 ms CreateObjectMapping: 0.398600 ms MarkObjects: 5.336800 ms  DeleteObjects: 2.906500 ms)

Prepare: number of updated asset objects reloaded= 0
========================================================================
Received Import Request.
  Time since last request: 132.194746 seconds.
  path: Assets/UI/HUD/White Flash.controller
  artifactKey: Guid(3d20a01417f4081498f3cc7684b7e994) Importer(815301076,1909f56bfc062723c751e8b465ee728b)
Start importing Assets/UI/HUD/White Flash.controller using Guid(3d20a01417f4081498f3cc7684b7e994) Importer(815301076,1909f56bfc062723c751e8b465ee728b) (PreviewImporter) -> (artifact id: 'f130dba6cf5dfceb1941913a05817713') in 0.0638024 seconds
Number of updated asset objects reloaded before import = 0Number of asset objects unloaded after import = 4

========================================================================
Received Import Request.
  Time since last request: 20.499769 seconds.
  path: Assets/Model/Players/cappi/Animations/LevelStart.anim
  artifactKey: Guid(a789f994260f61b4d85c532b69e64ab5) Importer(815301076,1909f56bfc062723c751e8b465ee728b)
Start importing Assets/Model/Players/cappi/Animations/LevelStart.anim using Guid(a789f994260f61b4d85c532b69e64ab5) Importer(815301076,1909f56bfc062723c751e8b465ee728b) (PreviewImporter) -> (artifact id: '9d2b7b27e6aaa4868294cc839b87be08') in 0.0091271 seconds
Number of updated asset objects reloaded before import = 0Number of asset objects unloaded after import = 1

========================================================================
Received Import Request.
  Time since last request: 10.640702 seconds.
  path: Assets/UI/Animations/HUD
  artifactKey: Guid(bed955370243bcb49ab54070e05e0636) Importer(815301076,1909f56bfc062723c751e8b465ee728b)
Start importing Assets/UI/Animations/HUD using Guid(bed955370243bcb49ab54070e05e0636) Importer(815301076,1909f56bfc062723c751e8b465ee728b) (PreviewImporter) -> (artifact id: 'b91d7f08671c80b42005296361fc2f67') in 0.0012113 seconds
Number of updated asset objects reloaded before import = 0Number of asset objects unloaded after import = 0

========================================================================
Received Import Request.
  Time since last request: 3.629381 seconds.
  path: Assets/UI/Animations/HUD/WhiteEnter.anim
  artifactKey: Guid(9a66d0d383d91774399067c195eaabe4) Importer(815301076,1909f56bfc062723c751e8b465ee728b)
Start importing Assets/UI/Animations/HUD/WhiteEnter.anim using Guid(9a66d0d383d91774399067c195eaabe4) Importer(815301076,1909f56bfc062723c751e8b465ee728b) (PreviewImporter) -> (artifact id: '273a63eff335cb5decdd1ca9575ed251') in 0.0017988 seconds
Number of updated asset objects reloaded before import = 0Number of asset objects unloaded after import = 1

========================================================================
Received Prepare
Refreshing native plugins compatible for Editor in 1.56 ms, found 3 plugins.
Preloading 0 native plugins for Editor in 0.00 ms.
Unloading 15 Unused Serialized files (Serialized files now loaded: 0)
Unloading 4487 unused Assets / (3.0 MB). Loaded Objects now: 5124.
Memory consumption went from 218.5 MB to 215.5 MB.
Total: 9.526300 ms (FindLiveObjects: 0.677800 ms CreateObjectMapping: 0.518500 ms MarkObjects: 6.227300 ms  DeleteObjects: 2.101200 ms)

Prepare: number of updated asset objects reloaded= 0
========================================================================
Received Prepare
Begin MonoManager ReloadAssembly
C:\build\output\Unity-Technologies\mono\mono\metadata\icall.c:1842:
C:\build\output\Unity-Technologies\mono\mono\metadata\icall.c:1842:
C:\build\output\Unity-Technologies\mono\mono\metadata\icall.c:1842:
C:\build\output\Unity-Technologies\mono\mono\metadata\icall.c:1842:
C:\build\output\Unity-Technologies\mono\mono\metadata\icall.c:1842:
C:\build\output\Unity-Technologies\mono\mono\metadata\icall.c:1842:
C:\build\output\Unity-Technologies\mono\mono\metadata\icall.c:1842:
C:\build\output\Unity-Technologies\mono\mono\metadata\icall.c:1842:
C:\build\output\Unity-Technologies\mono\mono\metadata\icall.c:1842:
C:\build\output\Unity-Technologies\mono\mono\metadata\icall.c:1842:
C:\build\output\Unity-Technologies\mono\mono\metadata\icall.c:1842:
C:\build\output\Unity-Technologies\mono\mono\metadata\icall.c:1842:
Symbol file LoadedFromMemory doesn't match image C:\Users\trety\OneDrive\Documents\GitHub\CappiAstralMuseum\CappiAstralMuseum\Cappi Astral Museum\Library\PackageCache\com.unity.visualscripting@1.8.0\Editor\VisualScripting.Core\Dependencies\YamlDotNet\Unity.VisualScripting.YamlDotNet.dll
Symbol file LoadedFromMemory doesn't match image C:\Users\trety\OneDrive\Documents\GitHub\CappiAstralMuseum\CappiAstralMuseum\Cappi Astral Museum\Library\PackageCache\com.unity.visualscripting@1.8.0\Editor\VisualScripting.Core\Dependencies\DotNetZip\Unity.VisualScripting.IonicZip.dll
Symbol file LoadedFromMemory is not a mono symbol file
- Loaded All Assemblies, in  0.942 seconds
Refreshing native plugins compatible for Editor in 1.32 ms, found 3 plugins.
Native extension for WindowsStandalone target not found
[MODES] ModeService[none].Initialize
[MODES] ModeService[none].LoadModes
[MODES] Loading mode Default (0) for mode-current-id-Cappi Astral Museum
Mono: successfully reloaded assembly
- Finished resetting the current domain, in  0.822 seconds
Domain Reload Profiling: 1761ms
	BeginReloadAssembly (281ms)
		ExecutionOrderSort (0ms)
		DisableScriptedObjects (8ms)
		BackupInstance (0ms)
		ReleaseScriptingObjects (0ms)
		CreateAndSetChildDomain (67ms)
	RebuildCommonClasses (42ms)
	RebuildNativeTypeToScriptingClass (14ms)
	initialDomainReloadingComplete (37ms)
	LoadAllAssembliesAndSetupDomain (564ms)
		LoadAssemblies (520ms)
		RebuildTransferFunctionScriptingTraits (0ms)
		AnalyzeDomain (193ms)
			TypeCache.Refresh (12ms)
				TypeCache.ScanAssembly (2ms)
			BuildScriptInfoCaches (172ms)
			ResolveRequiredComponents (6ms)
	FinalizeReload (823ms)
		ReleaseScriptCaches (0ms)
		RebuildScriptCaches (0ms)
		SetupLoadedEditorAssemblies (601ms)
			LogAssemblyErrors (0ms)
			InitializePlatformSupportModulesInManaged (3ms)
			SetLoadedEditorAssemblies (6ms)
			BeforeProcessingInitializeOnLoad (66ms)
			ProcessInitializeOnLoadAttributes (493ms)
			ProcessInitializeOnLoadMethodAttributes (26ms)
			AfterProcessingInitializeOnLoad (7ms)
			EditorAssembliesLoaded (0ms)
		ExecutionOrderSort2 (0ms)
		AwakeInstancesAfterBackupRestoration (10ms)
Refreshing native plugins compatible for Editor in 1.86 ms, found 3 plugins.
Preloading 0 native plugins for Editor in 0.00 ms.
Unloading 15 Unused Serialized files (Serialized files now loaded: 0)
Unloading 4493 unused Assets / (2.9 MB). Loaded Objects now: 5125.
Memory consumption went from 220.2 MB to 217.3 MB.
Total: 9.360400 ms (FindLiveObjects: 0.802100 ms CreateObjectMapping: 0.700000 ms MarkObjects: 5.355900 ms  DeleteObjects: 2.500900 ms)

Prepare: number of updated asset objects reloaded= 0
========================================================================
Received Prepare
Refreshing native plugins compatible for Editor in 1.88 ms, found 3 plugins.
Preloading 0 native plugins for Editor in 0.00 ms.
Unloading 15 Unused Serialized files (Serialized files now loaded: 0)
Unloading 4488 unused Assets / (3.1 MB). Loaded Objects now: 5126.
Memory consumption went from 220.4 MB to 217.3 MB.
Total: 9.036100 ms (FindLiveObjects: 0.625700 ms CreateObjectMapping: 0.514900 ms MarkObjects: 5.364800 ms  DeleteObjects: 2.528900 ms)

Prepare: number of updated asset objects reloaded= 0
========================================================================
Received Import Request.
  Time since last request: 219.837225 seconds.
  path: Assets/Scripts/UI/LevelTransitionScript.cs
  artifactKey: Guid(a9be1f23048f5ba4488c53a535072462) Importer(815301076,1909f56bfc062723c751e8b465ee728b)
Start importing Assets/Scripts/UI/LevelTransitionScript.cs using Guid(a9be1f23048f5ba4488c53a535072462) Importer(815301076,1909f56bfc062723c751e8b465ee728b) (PreviewImporter) -> (artifact id: '306acab147c2727a3fd5b266a10d69ab') in 0.0347697 seconds
Number of updated asset objects reloaded before import = 0Number of asset objects unloaded after import = 0

========================================================================
Received Prepare
Begin MonoManager ReloadAssembly
C:\build\output\Unity-Technologies\mono\mono\metadata\icall.c:1842:
C:\build\output\Unity-Technologies\mono\mono\metadata\icall.c:1842:
C:\build\output\Unity-Technologies\mono\mono\metadata\icall.c:1842:
C:\build\output\Unity-Technologies\mono\mono\metadata\icall.c:1842:
C:\build\output\Unity-Technologies\mono\mono\metadata\icall.c:1842:
C:\build\output\Unity-Technologies\mono\mono\metadata\icall.c:1842:
C:\build\output\Unity-Technologies\mono\mono\metadata\icall.c:1842:
C:\build\output\Unity-Technologies\mono\mono\metadata\icall.c:1842:
C:\build\output\Unity-Technologies\mono\mono\metadata\icall.c:1842:
C:\build\output\Unity-Technologies\mono\mono\metadata\icall.c:1842:
C:\build\output\Unity-Technologies\mono\mono\metadata\icall.c:1842:
C:\build\output\Unity-Technologies\mono\mono\metadata\icall.c:1842:
Symbol file LoadedFromMemory doesn't match image C:\Users\trety\OneDrive\Documents\GitHub\CappiAstralMuseum\CappiAstralMuseum\Cappi Astral Museum\Library\PackageCache\com.unity.visualscripting@1.8.0\Editor\VisualScripting.Core\Dependencies\YamlDotNet\Unity.VisualScripting.YamlDotNet.dll
Symbol file LoadedFromMemory doesn't match image C:\Users\trety\OneDrive\Documents\GitHub\CappiAstralMuseum\CappiAstralMuseum\Cappi Astral Museum\Library\PackageCache\com.unity.visualscripting@1.8.0\Editor\VisualScripting.Core\Dependencies\DotNetZip\Unity.VisualScripting.IonicZip.dll
Symbol file LoadedFromMemory is not a mono symbol file
- Loaded All Assemblies, in  0.938 seconds
Refreshing native plugins compatible for Editor in 2.12 ms, found 3 plugins.
Native extension for WindowsStandalone target not found
[MODES] ModeService[none].Initialize
[MODES] ModeService[none].LoadModes
[MODES] Loading mode Default (0) for mode-current-id-Cappi Astral Museum
Mono: successfully reloaded assembly
- Finished resetting the current domain, in  1.061 seconds
Domain Reload Profiling: 1997ms
	BeginReloadAssembly (279ms)
		ExecutionOrderSort (0ms)
		DisableScriptedObjects (8ms)
		BackupInstance (0ms)
		ReleaseScriptingObjects (0ms)
		CreateAndSetChildDomain (69ms)
	RebuildCommonClasses (40ms)
	RebuildNativeTypeToScriptingClass (15ms)
	initialDomainReloadingComplete (41ms)
	LoadAllAssembliesAndSetupDomain (560ms)
		LoadAssemblies (482ms)
		RebuildTransferFunctionScriptingTraits (0ms)
		AnalyzeDomain (223ms)
			TypeCache.Refresh (11ms)
				TypeCache.ScanAssembly (1ms)
			BuildScriptInfoCaches (201ms)
			ResolveRequiredComponents (7ms)
	FinalizeReload (1062ms)
		ReleaseScriptCaches (0ms)
		RebuildScriptCaches (0ms)
		SetupLoadedEditorAssemblies (767ms)
			LogAssemblyErrors (0ms)
			InitializePlatformSupportModulesInManaged (3ms)
			SetLoadedEditorAssemblies (6ms)
			BeforeProcessingInitializeOnLoad (87ms)
			ProcessInitializeOnLoadAttributes (636ms)
			ProcessInitializeOnLoadMethodAttributes (26ms)
			AfterProcessingInitializeOnLoad (9ms)
			EditorAssembliesLoaded (0ms)
		ExecutionOrderSort2 (0ms)
		AwakeInstancesAfterBackupRestoration (11ms)
Refreshing native plugins compatible for Editor in 2.06 ms, found 3 plugins.
Preloading 0 native plugins for Editor in 0.00 ms.
Unloading 15 Unused Serialized files (Serialized files now loaded: 0)
Unloading 4494 unused Assets / (3.2 MB). Loaded Objects now: 5127.
Memory consumption went from 222.2 MB to 219.0 MB.
Total: 13.187700 ms (FindLiveObjects: 1.282000 ms CreateObjectMapping: 0.793100 ms MarkObjects: 7.368900 ms  DeleteObjects: 3.741000 ms)

Prepare: number of updated asset objects reloaded= 0
========================================================================
Received Import Request.
  Time since last request: 10.122654 seconds.
  path: Assets/Scripts/UI/LevelTransitionScript.cs
  artifactKey: Guid(a9be1f23048f5ba4488c53a535072462) Importer(815301076,1909f56bfc062723c751e8b465ee728b)
Start importing Assets/Scripts/UI/LevelTransitionScript.cs using Guid(a9be1f23048f5ba4488c53a535072462) Importer(815301076,1909f56bfc062723c751e8b465ee728b) (PreviewImporter) -> (artifact id: 'a6bbbe955f3ac2e30659a0f3e4b2fcd6') in 0.0147599 seconds
Number of updated asset objects reloaded before import = 0Number of asset objects unloaded after import = 0

========================================================================
Received Prepare
Refreshing native plugins compatible for Editor in 2.30 ms, found 3 plugins.
Preloading 0 native plugins for Editor in 0.00 ms.
Unloading 15 Unused Serialized files (Serialized files now loaded: 0)
Unloading 4488 unused Assets / (3.2 MB). Loaded Objects now: 5127.
Memory consumption went from 222.3 MB to 219.1 MB.
Total: 15.224300 ms (FindLiveObjects: 1.330700 ms CreateObjectMapping: 1.317400 ms MarkObjects: 8.844100 ms  DeleteObjects: 3.730000 ms)

Prepare: number of updated asset objects reloaded= 0
========================================================================
Received Import Request.
  Time since last request: 23.086879 seconds.
  path: Assets/Scripts/UI/LevelTransitionScript.cs
  artifactKey: Guid(a9be1f23048f5ba4488c53a535072462) Importer(815301076,1909f56bfc062723c751e8b465ee728b)
Start importing Assets/Scripts/UI/LevelTransitionScript.cs using Guid(a9be1f23048f5ba4488c53a535072462) Importer(815301076,1909f56bfc062723c751e8b465ee728b) (PreviewImporter) -> (artifact id: '7936c8ffbbd4f7ab67276cda238c5163') in 0.0161432 seconds
Number of updated asset objects reloaded before import = 0Number of asset objects unloaded after import = 0

========================================================================
Received Prepare
Begin MonoManager ReloadAssembly
C:\build\output\Unity-Technologies\mono\mono\metadata\icall.c:1842:
C:\build\output\Unity-Technologies\mono\mono\metadata\icall.c:1842:
C:\build\output\Unity-Technologies\mono\mono\metadata\icall.c:1842:
C:\build\output\Unity-Technologies\mono\mono\metadata\icall.c:1842:
C:\build\output\Unity-Technologies\mono\mono\metadata\icall.c:1842:
C:\build\output\Unity-Technologies\mono\mono\metadata\icall.c:1842:
C:\build\output\Unity-Technologies\mono\mono\metadata\icall.c:1842:
C:\build\output\Unity-Technologies\mono\mono\metadata\icall.c:1842:
C:\build\output\Unity-Technologies\mono\mono\metadata\icall.c:1842:
C:\build\output\Unity-Technologies\mono\mono\metadata\icall.c:1842:
C:\build\output\Unity-Technologies\mono\mono\metadata\icall.c:1842:
C:\build\output\Unity-Technologies\mono\mono\metadata\icall.c:1842:
Symbol file LoadedFromMemory doesn't match image C:\Users\trety\OneDrive\Documents\GitHub\CappiAstralMuseum\CappiAstralMuseum\Cappi Astral Museum\Library\PackageCache\com.unity.visualscripting@1.8.0\Editor\VisualScripting.Core\Dependencies\YamlDotNet\Unity.VisualScripting.YamlDotNet.dll
Symbol file LoadedFromMemory doesn't match image C:\Users\trety\OneDrive\Documents\GitHub\CappiAstralMuseum\CappiAstralMuseum\Cappi Astral Museum\Library\PackageCache\com.unity.visualscripting@1.8.0\Editor\VisualScripting.Core\Dependencies\DotNetZip\Unity.VisualScripting.IonicZip.dll
Symbol file LoadedFromMemory is not a mono symbol file
- Loaded All Assemblies, in  0.924 seconds
Refreshing native plugins compatible for Editor in 1.27 ms, found 3 plugins.
Native extension for WindowsStandalone target not found
Error saving file Library/StateCache/LayerSettings/9e/9ecc5c3c162a7aba29bafa64c8b94b7c.json. Error: System.IO.IOException: Sharing violation on path C:\Users\trety\OneDrive\Documents\GitHub\CappiAstralMuseum\CappiAstralMuseum\Cappi Astral Museum\Library\StateCache\LayerSettings\9e\9ecc5c3c162a7aba29bafa64c8b94b7c.json
  at System.IO.FileStream..ctor (System.String path, System.IO.FileMode mode, System.IO.FileAccess access, System.IO.FileShare share, System.Int32 bufferSize, System.Boolean anonymous, System.IO.FileOptions options) [0x0019e] in <51ee0c51c90047b488b10b1b78b365d8>:0 
  at System.IO.FileStream..ctor (System.String path, System.IO.FileMode mode, System.IO.FileAccess access, System.IO.FileShare share, System.Int32 bufferSize, System.IO.FileOptions options) [0x00000] in <51ee0c51c90047b488b10b1b78b365d8>:0 
  at (wrapper remoting-invoke-with-check) System.IO.FileStream..ctor(string,System.IO.FileMode,System.IO.FileAccess,System.IO.FileShare,int,System.IO.FileOptions)
  at System.IO.StreamWriter..ctor (System.String path, System.Boolean append, System.Text.Encoding encoding, System.Int32 bufferSize) [0x00055] in <51ee0c51c90047b488b10b1b78b365d8>:0 
  at System.IO.StreamWriter..ctor (System.String path, System.Boolean append, System.Text.Encoding encoding) [0x00000] in <51ee0c51c90047b488b10b1b78b365d8>:0 
  at (wrapper remoting-invoke-with-check) System.IO.StreamWriter..ctor(string,bool,System.Text.Encoding)
  at System.IO.File.WriteAllText (System.String path, System.String contents, System.Text.Encoding encoding) [0x00034] in <51ee0c51c90047b488b10b1b78b365d8>:0 
  at UnityEditor.StateCache`1[T].SetState (UnityEngine.Hash128 key, T obj) [0x0004b] in <adf0e73faa2b4739bc17dcc108877e1a>:0 
UnityEngine.Debug:ExtractStackTraceNoAlloc (byte*,int,string)
UnityEngine.StackTraceUtility:ExtractStackTrace ()
UnityEngine.DebugLogHandler:Internal_Log (UnityEngine.LogType,UnityEngine.LogOption,string,UnityEngine.Object)
UnityEngine.DebugLogHandler:LogFormat (UnityEngine.LogType,UnityEngine.Object,string,object[])
UnityEngine.Logger:Log (UnityEngine.LogType,object)
UnityEngine.Debug:LogError (object)
UnityEditor.StateCache`1<UnityEditor.Tools/LayerSettings>:SetState (UnityEngine.Hash128,UnityEditor.Tools/LayerSettings)
UnityEditor.Tools:set_lockedLayers (int)
UnityEditor.Tools:OnEnable ()
UnityEngine.ScriptableObject:CreateScriptableObjectInstanceFromType (System.Type,bool)
UnityEngine.ScriptableObject:CreateInstance (System.Type)
UnityEngine.ScriptableObject:CreateInstance<UnityEditor.Tools> ()
UnityEditor.Tools:get_get ()
UnityEditor.Tools:get_visibleLayers ()
UnityEditor.Animations.Rigging.BoneRendererUtils:.cctor () (at ./Library/PackageCache/com.unity.animation.rigging@1.3.1/Editor/Utils/BoneRendererUtils.cs:121)
System.Runtime.CompilerServices.RuntimeHelpers:RunClassConstructor (System.RuntimeTypeHandle)
UnityEditor.EditorAssemblies:ProcessInitializeOnLoadAttributes (System.Type[])

(Filename: ./Library/PackageCache/com.unity.animation.rigging@1.3.1/Editor/Utils/BoneRendererUtils.cs Line: 121)

[MODES] ModeService[none].Initialize
[MODES] ModeService[none].LoadModes
[MODES] Loading mode Default (0) for mode-current-id-Cappi Astral Museum
Mono: successfully reloaded assembly
- Finished resetting the current domain, in  0.807 seconds
Domain Reload Profiling: 1730ms
	BeginReloadAssembly (259ms)
		ExecutionOrderSort (0ms)
		DisableScriptedObjects (6ms)
		BackupInstance (0ms)
		ReleaseScriptingObjects (0ms)
		CreateAndSetChildDomain (59ms)
	RebuildCommonClasses (49ms)
	RebuildNativeTypeToScriptingClass (21ms)
	initialDomainReloadingComplete (39ms)
	LoadAllAssembliesAndSetupDomain (555ms)
		LoadAssemblies (486ms)
		RebuildTransferFunctionScriptingTraits (0ms)
		AnalyzeDomain (210ms)
			TypeCache.Refresh (10ms)
				TypeCache.ScanAssembly (1ms)
			BuildScriptInfoCaches (190ms)
			ResolveRequiredComponents (7ms)
	FinalizeReload (808ms)
		ReleaseScriptCaches (0ms)
		RebuildScriptCaches (0ms)
		SetupLoadedEditorAssemblies (572ms)
			LogAssemblyErrors (0ms)
			InitializePlatformSupportModulesInManaged (3ms)
			SetLoadedEditorAssemblies (5ms)
			BeforeProcessingInitializeOnLoad (66ms)
			ProcessInitializeOnLoadAttributes (466ms)
			ProcessInitializeOnLoadMethodAttributes (24ms)
			AfterProcessingInitializeOnLoad (7ms)
			EditorAssembliesLoaded (0ms)
		ExecutionOrderSort2 (0ms)
		AwakeInstancesAfterBackupRestoration (14ms)
Refreshing native plugins compatible for Editor in 1.33 ms, found 3 plugins.
Preloading 0 native plugins for Editor in 0.00 ms.
Unloading 15 Unused Serialized files (Serialized files now loaded: 0)
Unloading 4494 unused Assets / (3.1 MB). Loaded Objects now: 5128.
Memory consumption went from 224.1 MB to 221.0 MB.
Total: 10.107100 ms (FindLiveObjects: 0.611000 ms CreateObjectMapping: 0.496200 ms MarkObjects: 6.258400 ms  DeleteObjects: 2.740000 ms)

Prepare: number of updated asset objects reloaded= 0
========================================================================
Received Prepare
Begin MonoManager ReloadAssembly
C:\build\output\Unity-Technologies\mono\mono\metadata\icall.c:1842:
C:\build\output\Unity-Technologies\mono\mono\metadata\icall.c:1842:
C:\build\output\Unity-Technologies\mono\mono\metadata\icall.c:1842:
C:\build\output\Unity-Technologies\mono\mono\metadata\icall.c:1842:
C:\build\output\Unity-Technologies\mono\mono\metadata\icall.c:1842:
C:\build\output\Unity-Technologies\mono\mono\metadata\icall.c:1842:
C:\build\output\Unity-Technologies\mono\mono\metadata\icall.c:1842:
C:\build\output\Unity-Technologies\mono\mono\metadata\icall.c:1842:
C:\build\output\Unity-Technologies\mono\mono\metadata\icall.c:1842:
C:\build\output\Unity-Technologies\mono\mono\metadata\icall.c:1842:
C:\build\output\Unity-Technologies\mono\mono\metadata\icall.c:1842:
C:\build\output\Unity-Technologies\mono\mono\metadata\icall.c:1842:
Symbol file LoadedFromMemory doesn't match image C:\Users\trety\OneDrive\Documents\GitHub\CappiAstralMuseum\CappiAstralMuseum\Cappi Astral Museum\Library\PackageCache\com.unity.visualscripting@1.8.0\Editor\VisualScripting.Core\Dependencies\YamlDotNet\Unity.VisualScripting.YamlDotNet.dll
Symbol file LoadedFromMemory doesn't match image C:\Users\trety\OneDrive\Documents\GitHub\CappiAstralMuseum\CappiAstralMuseum\Cappi Astral Museum\Library\PackageCache\com.unity.visualscripting@1.8.0\Editor\VisualScripting.Core\Dependencies\DotNetZip\Unity.VisualScripting.IonicZip.dll
Symbol file LoadedFromMemory is not a mono symbol file
- Loaded All Assemblies, in  0.823 seconds
Refreshing native plugins compatible for Editor in 1.21 ms, found 3 plugins.
Native extension for WindowsStandalone target not found
[MODES] ModeService[none].Initialize
[MODES] ModeService[none].LoadModes
[MODES] Loading mode Default (0) for mode-current-id-Cappi Astral Museum
Mono: successfully reloaded assembly
- Finished resetting the current domain, in  0.885 seconds
Domain Reload Profiling: 1705ms
	BeginReloadAssembly (220ms)
		ExecutionOrderSort (0ms)
		DisableScriptedObjects (6ms)
		BackupInstance (0ms)
		ReleaseScriptingObjects (0ms)
		CreateAndSetChildDomain (56ms)
	RebuildCommonClasses (40ms)
	RebuildNativeTypeToScriptingClass (13ms)
	initialDomainReloadingComplete (35ms)
	LoadAllAssembliesAndSetupDomain (511ms)
		LoadAssemblies (442ms)
		RebuildTransferFunctionScriptingTraits (0ms)
		AnalyzeDomain (182ms)
			TypeCache.Refresh (6ms)
				TypeCache.ScanAssembly (0ms)
			BuildScriptInfoCaches (164ms)
			ResolveRequiredComponents (7ms)
	FinalizeReload (885ms)
		ReleaseScriptCaches (0ms)
		RebuildScriptCaches (0ms)
		SetupLoadedEditorAssemblies (607ms)
			LogAssemblyErrors (0ms)
			InitializePlatformSupportModulesInManaged (3ms)
			SetLoadedEditorAssemblies (6ms)
			BeforeProcessingInitializeOnLoad (73ms)
			ProcessInitializeOnLoadAttributes (478ms)
			ProcessInitializeOnLoadMethodAttributes (34ms)
			AfterProcessingInitializeOnLoad (13ms)
			EditorAssembliesLoaded (0ms)
		ExecutionOrderSort2 (0ms)
		AwakeInstancesAfterBackupRestoration (16ms)
Refreshing native plugins compatible for Editor in 2.21 ms, found 3 plugins.
Preloading 0 native plugins for Editor in 0.00 ms.
Unloading 15 Unused Serialized files (Serialized files now loaded: 0)
Unloading 4494 unused Assets / (3.1 MB). Loaded Objects now: 5129.
Memory consumption went from 226.0 MB to 222.9 MB.
Total: 11.885100 ms (FindLiveObjects: 0.745200 ms CreateObjectMapping: 0.876300 ms MarkObjects: 7.077800 ms  DeleteObjects: 3.184000 ms)

Prepare: number of updated asset objects reloaded= 0
========================================================================
Received Prepare
Refreshing native plugins compatible for Editor in 2.24 ms, found 3 plugins.
Preloading 0 native plugins for Editor in 0.00 ms.
Unloading 15 Unused Serialized files (Serialized files now loaded: 0)
Unloading 4488 unused Assets / (3.1 MB). Loaded Objects now: 5129.
Memory consumption went from 226.2 MB to 223.1 MB.
Total: 10.506700 ms (FindLiveObjects: 0.594400 ms CreateObjectMapping: 0.636700 ms MarkObjects: 6.075400 ms  DeleteObjects: 3.199000 ms)

Prepare: number of updated asset objects reloaded= 0
========================================================================
Received Prepare
Begin MonoManager ReloadAssembly
C:\build\output\Unity-Technologies\mono\mono\metadata\icall.c:1842:
C:\build\output\Unity-Technologies\mono\mono\metadata\icall.c:1842:
C:\build\output\Unity-Technologies\mono\mono\metadata\icall.c:1842:
C:\build\output\Unity-Technologies\mono\mono\metadata\icall.c:1842:
C:\build\output\Unity-Technologies\mono\mono\metadata\icall.c:1842:
C:\build\output\Unity-Technologies\mono\mono\metadata\icall.c:1842:
C:\build\output\Unity-Technologies\mono\mono\metadata\icall.c:1842:
C:\build\output\Unity-Technologies\mono\mono\metadata\icall.c:1842:
C:\build\output\Unity-Technologies\mono\mono\metadata\icall.c:1842:
C:\build\output\Unity-Technologies\mono\mono\metadata\icall.c:1842:
C:\build\output\Unity-Technologies\mono\mono\metadata\icall.c:1842:
C:\build\output\Unity-Technologies\mono\mono\metadata\icall.c:1842:
Symbol file LoadedFromMemory doesn't match image C:\Users\trety\OneDrive\Documents\GitHub\CappiAstralMuseum\CappiAstralMuseum\Cappi Astral Museum\Library\PackageCache\com.unity.visualscripting@1.8.0\Editor\VisualScripting.Core\Dependencies\YamlDotNet\Unity.VisualScripting.YamlDotNet.dll
Symbol file LoadedFromMemory doesn't match image C:\Users\trety\OneDrive\Documents\GitHub\CappiAstralMuseum\CappiAstralMuseum\Cappi Astral Museum\Library\PackageCache\com.unity.visualscripting@1.8.0\Editor\VisualScripting.Core\Dependencies\DotNetZip\Unity.VisualScripting.IonicZip.dll
Symbol file LoadedFromMemory is not a mono symbol file
- Loaded All Assemblies, in  0.993 seconds
Refreshing native plugins compatible for Editor in 2.06 ms, found 3 plugins.
Native extension for WindowsStandalone target not found
[MODES] ModeService[none].Initialize
[MODES] ModeService[none].LoadModes
[MODES] Loading mode Default (0) for mode-current-id-Cappi Astral Museum
Error saving file Library/StateCache/LayerSettings/9e/9ecc5c3c162a7aba29bafa64c8b94b7c.json. Error: System.IO.IOException: Sharing violation on path C:\Users\trety\OneDrive\Documents\GitHub\CappiAstralMuseum\CappiAstralMuseum\Cappi Astral Museum\Library\StateCache\LayerSettings\9e\9ecc5c3c162a7aba29bafa64c8b94b7c.json
  at System.IO.FileStream..ctor (System.String path, System.IO.FileMode mode, System.IO.FileAccess access, System.IO.FileShare share, System.Int32 bufferSize, System.Boolean anonymous, System.IO.FileOptions options) [0x0019e] in <51ee0c51c90047b488b10b1b78b365d8>:0 
  at System.IO.FileStream..ctor (System.String path, System.IO.FileMode mode, System.IO.FileAccess access, System.IO.FileShare share, System.Int32 bufferSize, System.IO.FileOptions options) [0x00000] in <51ee0c51c90047b488b10b1b78b365d8>:0 
  at (wrapper remoting-invoke-with-check) System.IO.FileStream..ctor(string,System.IO.FileMode,System.IO.FileAccess,System.IO.FileShare,int,System.IO.FileOptions)
  at System.IO.StreamWriter..ctor (System.String path, System.Boolean append, System.Text.Encoding encoding, System.Int32 bufferSize) [0x00055] in <51ee0c51c90047b488b10b1b78b365d8>:0 
  at System.IO.StreamWriter..ctor (System.String path, System.Boolean append, System.Text.Encoding encoding) [0x00000] in <51ee0c51c90047b488b10b1b78b365d8>:0 
  at (wrapper remoting-invoke-with-check) System.IO.StreamWriter..ctor(string,bool,System.Text.Encoding)
  at System.IO.File.WriteAllText (System.String path, System.String contents, System.Text.Encoding encoding) [0x00034] in <51ee0c51c90047b488b10b1b78b365d8>:0 
  at UnityEditor.StateCache`1[T].SetState (UnityEngine.Hash128 key, T obj) [0x0004b] in <adf0e73faa2b4739bc17dcc108877e1a>:0 
UnityEngine.Debug:ExtractStackTraceNoAlloc (byte*,int,string)
UnityEngine.StackTraceUtility:ExtractStackTrace ()
UnityEngine.DebugLogHandler:Internal_Log (UnityEngine.LogType,UnityEngine.LogOption,string,UnityEngine.Object)
UnityEngine.DebugLogHandler:LogFormat (UnityEngine.LogType,UnityEngine.Object,string,object[])
UnityEngine.Logger:Log (UnityEngine.LogType,object)
UnityEngine.Debug:LogError (object)
UnityEditor.StateCache`1<UnityEditor.Tools/LayerSettings>:SetState (UnityEngine.Hash128,UnityEditor.Tools/LayerSettings)
UnityEditor.Tools:set_lockedLayers (int)
UnityEditor.Tools:OnEnable ()

Mono: successfully reloaded assembly
- Finished resetting the current domain, in  0.874 seconds
Domain Reload Profiling: 1864ms
	BeginReloadAssembly (250ms)
		ExecutionOrderSort (0ms)
		DisableScriptedObjects (8ms)
		BackupInstance (0ms)
		ReleaseScriptingObjects (0ms)
		CreateAndSetChildDomain (63ms)
	RebuildCommonClasses (51ms)
	RebuildNativeTypeToScriptingClass (15ms)
	initialDomainReloadingComplete (36ms)
	LoadAllAssembliesAndSetupDomain (637ms)
		LoadAssemblies (490ms)
		RebuildTransferFunctionScriptingTraits (0ms)
		AnalyzeDomain (271ms)
			TypeCache.Refresh (13ms)
				TypeCache.ScanAssembly (2ms)
			BuildScriptInfoCaches (246ms)
			ResolveRequiredComponents (7ms)
	FinalizeReload (874ms)
		ReleaseScriptCaches (0ms)
		RebuildScriptCaches (0ms)
		SetupLoadedEditorAssemblies (612ms)
			LogAssemblyErrors (0ms)
			InitializePlatformSupportModulesInManaged (5ms)
			SetLoadedEditorAssemblies (7ms)
			BeforeProcessingInitializeOnLoad (85ms)
			ProcessInitializeOnLoadAttributes (482ms)
			ProcessInitializeOnLoadMethodAttributes (25ms)
			AfterProcessingInitializeOnLoad (9ms)
			EditorAssembliesLoaded (0ms)
		ExecutionOrderSort2 (0ms)
		AwakeInstancesAfterBackupRestoration (22ms)
Refreshing native plugins compatible for Editor in 1.40 ms, found 3 plugins.
Preloading 0 native plugins for Editor in 0.00 ms.
Unloading 15 Unused Serialized files (Serialized files now loaded: 0)
Unloading 4494 unused Assets / (2.9 MB). Loaded Objects now: 5130.
Memory consumption went from 228.0 MB to 225.1 MB.
Total: 8.077800 ms (FindLiveObjects: 0.623900 ms CreateObjectMapping: 0.597700 ms MarkObjects: 4.641700 ms  DeleteObjects: 2.213500 ms)

Prepare: number of updated asset objects reloaded= 0
========================================================================
Received Prepare
Refreshing native plugins compatible for Editor in 2.39 ms, found 3 plugins.
Preloading 0 native plugins for Editor in 0.00 ms.
Unloading 15 Unused Serialized files (Serialized files now loaded: 0)
Unloading 4488 unused Assets / (3.4 MB). Loaded Objects now: 5130.
Memory consumption went from 228.2 MB to 224.7 MB.
Total: 26.409100 ms (FindLiveObjects: 1.305700 ms CreateObjectMapping: 0.836500 ms MarkObjects: 14.743300 ms  DeleteObjects: 9.518100 ms)

Prepare: number of updated asset objects reloaded= 0
========================================================================
Received Prepare
Begin MonoManager ReloadAssembly
C:\build\output\Unity-Technologies\mono\mono\metadata\icall.c:1842:
C:\build\output\Unity-Technologies\mono\mono\metadata\icall.c:1842:
C:\build\output\Unity-Technologies\mono\mono\metadata\icall.c:1842:
C:\build\output\Unity-Technologies\mono\mono\metadata\icall.c:1842:
C:\build\output\Unity-Technologies\mono\mono\metadata\icall.c:1842:
C:\build\output\Unity-Technologies\mono\mono\metadata\icall.c:1842:
C:\build\output\Unity-Technologies\mono\mono\metadata\icall.c:1842:
C:\build\output\Unity-Technologies\mono\mono\metadata\icall.c:1842:
C:\build\output\Unity-Technologies\mono\mono\metadata\icall.c:1842:
C:\build\output\Unity-Technologies\mono\mono\metadata\icall.c:1842:
C:\build\output\Unity-Technologies\mono\mono\metadata\icall.c:1842:
C:\build\output\Unity-Technologies\mono\mono\metadata\icall.c:1842:
Symbol file LoadedFromMemory doesn't match image C:\Users\trety\OneDrive\Documents\GitHub\CappiAstralMuseum\CappiAstralMuseum\Cappi Astral Museum\Library\PackageCache\com.unity.visualscripting@1.8.0\Editor\VisualScripting.Core\Dependencies\YamlDotNet\Unity.VisualScripting.YamlDotNet.dll
Symbol file LoadedFromMemory doesn't match image C:\Users\trety\OneDrive\Documents\GitHub\CappiAstralMuseum\CappiAstralMuseum\Cappi Astral Museum\Library\PackageCache\com.unity.visualscripting@1.8.0\Editor\VisualScripting.Core\Dependencies\DotNetZip\Unity.VisualScripting.IonicZip.dll
Symbol file LoadedFromMemory is not a mono symbol file
- Loaded All Assemblies, in  0.960 seconds
Refreshing native plugins compatible for Editor in 1.78 ms, found 3 plugins.
Native extension for WindowsStandalone target not found
Error saving file Library/StateCache/LayerSettings/9e/9ecc5c3c162a7aba29bafa64c8b94b7c.json. Error: System.IO.IOException: Sharing violation on path C:\Users\trety\OneDrive\Documents\GitHub\CappiAstralMuseum\CappiAstralMuseum\Cappi Astral Museum\Library\StateCache\LayerSettings\9e\9ecc5c3c162a7aba29bafa64c8b94b7c.json
  at System.IO.FileStream..ctor (System.String path, System.IO.FileMode mode, System.IO.FileAccess access, System.IO.FileShare share, System.Int32 bufferSize, System.Boolean anonymous, System.IO.FileOptions options) [0x0019e] in <51ee0c51c90047b488b10b1b78b365d8>:0 
  at System.IO.FileStream..ctor (System.String path, System.IO.FileMode mode, System.IO.FileAccess access, System.IO.FileShare share, System.Int32 bufferSize, System.IO.FileOptions options) [0x00000] in <51ee0c51c90047b488b10b1b78b365d8>:0 
  at (wrapper remoting-invoke-with-check) System.IO.FileStream..ctor(string,System.IO.FileMode,System.IO.FileAccess,System.IO.FileShare,int,System.IO.FileOptions)
  at System.IO.StreamWriter..ctor (System.String path, System.Boolean append, System.Text.Encoding encoding, System.Int32 bufferSize) [0x00055] in <51ee0c51c90047b488b10b1b78b365d8>:0 
  at System.IO.StreamWriter..ctor (System.String path, System.Boolean append, System.Text.Encoding encoding) [0x00000] in <51ee0c51c90047b488b10b1b78b365d8>:0 
  at (wrapper remoting-invoke-with-check) System.IO.StreamWriter..ctor(string,bool,System.Text.Encoding)
  at System.IO.File.WriteAllText (System.String path, System.String contents, System.Text.Encoding encoding) [0x00034] in <51ee0c51c90047b488b10b1b78b365d8>:0 
  at UnityEditor.StateCache`1[T].SetState (UnityEngine.Hash128 key, T obj) [0x0004b] in <adf0e73faa2b4739bc17dcc108877e1a>:0 
UnityEngine.Debug:ExtractStackTraceNoAlloc (byte*,int,string)
UnityEngine.StackTraceUtility:ExtractStackTrace ()
UnityEngine.DebugLogHandler:Internal_Log (UnityEngine.LogType,UnityEngine.LogOption,string,UnityEngine.Object)
UnityEngine.DebugLogHandler:LogFormat (UnityEngine.LogType,UnityEngine.Object,string,object[])
UnityEngine.Logger:Log (UnityEngine.LogType,object)
UnityEngine.Debug:LogError (object)
UnityEditor.StateCache`1<UnityEditor.Tools/LayerSettings>:SetState (UnityEngine.Hash128,UnityEditor.Tools/LayerSettings)
UnityEditor.Tools:set_lockedLayers (int)
UnityEditor.Tools:OnEnable ()
UnityEngine.ScriptableObject:CreateScriptableObjectInstanceFromType (System.Type,bool)
UnityEngine.ScriptableObject:CreateInstance (System.Type)
UnityEngine.ScriptableObject:CreateInstance<UnityEditor.Tools> ()
UnityEditor.Tools:get_get ()
UnityEditor.Tools:get_visibleLayers ()
UnityEditor.Animations.Rigging.BoneRendererUtils:.cctor () (at ./Library/PackageCache/com.unity.animation.rigging@1.3.1/Editor/Utils/BoneRendererUtils.cs:121)
System.Runtime.CompilerServices.RuntimeHelpers:RunClassConstructor (System.RuntimeTypeHandle)
UnityEditor.EditorAssemblies:ProcessInitializeOnLoadAttributes (System.Type[])

(Filename: ./Library/PackageCache/com.unity.animation.rigging@1.3.1/Editor/Utils/BoneRendererUtils.cs Line: 121)

[MODES] ModeService[none].Initialize
[MODES] ModeService[none].LoadModes
[MODES] Loading mode Default (0) for mode-current-id-Cappi Astral Museum
Error saving file Library/StateCache/LayerSettings/9e/9ecc5c3c162a7aba29bafa64c8b94b7c.json. Error: System.IO.IOException: Sharing violation on path C:\Users\trety\OneDrive\Documents\GitHub\CappiAstralMuseum\CappiAstralMuseum\Cappi Astral Museum\Library\StateCache\LayerSettings\9e\9ecc5c3c162a7aba29bafa64c8b94b7c.json
  at System.IO.FileStream..ctor (System.String path, System.IO.FileMode mode, System.IO.FileAccess access, System.IO.FileShare share, System.Int32 bufferSize, System.Boolean anonymous, System.IO.FileOptions options) [0x0019e] in <51ee0c51c90047b488b10b1b78b365d8>:0 
  at System.IO.FileStream..ctor (System.String path, System.IO.FileMode mode, System.IO.FileAccess access, System.IO.FileShare share, System.Int32 bufferSize, System.IO.FileOptions options) [0x00000] in <51ee0c51c90047b488b10b1b78b365d8>:0 
  at (wrapper remoting-invoke-with-check) System.IO.FileStream..ctor(string,System.IO.FileMode,System.IO.FileAccess,System.IO.FileShare,int,System.IO.FileOptions)
  at System.IO.StreamWriter..ctor (System.String path, System.Boolean append, System.Text.Encoding encoding, System.Int32 bufferSize) [0x00055] in <51ee0c51c90047b488b10b1b78b365d8>:0 
  at System.IO.StreamWriter..ctor (System.String path, System.Boolean append, System.Text.Encoding encoding) [0x00000] in <51ee0c51c90047b488b10b1b78b365d8>:0 
  at (wrapper remoting-invoke-with-check) System.IO.StreamWriter..ctor(string,bool,System.Text.Encoding)
  at System.IO.File.WriteAllText (System.String path, System.String contents, System.Text.Encoding encoding) [0x00034] in <51ee0c51c90047b488b10b1b78b365d8>:0 
  at UnityEditor.StateCache`1[T].SetState (UnityEngine.Hash128 key, T obj) [0x0004b] in <adf0e73faa2b4739bc17dcc108877e1a>:0 
UnityEngine.Debug:ExtractStackTraceNoAlloc (byte*,int,string)
UnityEngine.StackTraceUtility:ExtractStackTrace ()
UnityEngine.DebugLogHandler:Internal_Log (UnityEngine.LogType,UnityEngine.LogOption,string,UnityEngine.Object)
UnityEngine.DebugLogHandler:LogFormat (UnityEngine.LogType,UnityEngine.Object,string,object[])
UnityEngine.Logger:Log (UnityEngine.LogType,object)
UnityEngine.Debug:LogError (object)
UnityEditor.StateCache`1<UnityEditor.Tools/LayerSettings>:SetState (UnityEngine.Hash128,UnityEditor.Tools/LayerSettings)
UnityEditor.Tools:set_lockedLayers (int)
UnityEditor.Tools:OnEnable ()

Mono: successfully reloaded assembly
- Finished resetting the current domain, in  0.821 seconds
Domain Reload Profiling: 1776ms
	BeginReloadAssembly (240ms)
		ExecutionOrderSort (0ms)
		DisableScriptedObjects (7ms)
		BackupInstance (0ms)
		ReleaseScriptingObjects (0ms)
		CreateAndSetChildDomain (61ms)
	RebuildCommonClasses (44ms)
	RebuildNativeTypeToScriptingClass (15ms)
	initialDomainReloadingComplete (38ms)
	LoadAllAssembliesAndSetupDomain (618ms)
		LoadAssemblies (470ms)
		RebuildTransferFunctionScriptingTraits (0ms)
		AnalyzeDomain (273ms)
			TypeCache.Refresh (10ms)
				TypeCache.ScanAssembly (1ms)
			BuildScriptInfoCaches (250ms)
			ResolveRequiredComponents (8ms)
	FinalizeReload (821ms)
		ReleaseScriptCaches (0ms)
		RebuildScriptCaches (0ms)
		SetupLoadedEditorAssemblies (572ms)
			LogAssemblyErrors (0ms)
			InitializePlatformSupportModulesInManaged (3ms)
			SetLoadedEditorAssemblies (6ms)
			BeforeProcessingInitializeOnLoad (72ms)
			ProcessInitializeOnLoadAttributes (460ms)
			ProcessInitializeOnLoadMethodAttributes (24ms)
			AfterProcessingInitializeOnLoad (8ms)
			EditorAssembliesLoaded (0ms)
		ExecutionOrderSort2 (0ms)
		AwakeInstancesAfterBackupRestoration (15ms)
Refreshing native plugins compatible for Editor in 1.41 ms, found 3 plugins.
Preloading 0 native plugins for Editor in 0.00 ms.
Unloading 15 Unused Serialized files (Serialized files now loaded: 0)
Unloading 4494 unused Assets / (3.3 MB). Loaded Objects now: 5131.
Memory consumption went from 229.9 MB to 226.6 MB.
Total: 8.950500 ms (FindLiveObjects: 0.625000 ms CreateObjectMapping: 0.460300 ms MarkObjects: 5.416400 ms  DeleteObjects: 2.446700 ms)

Prepare: number of updated asset objects reloaded= 0
========================================================================
Received Prepare
Begin MonoManager ReloadAssembly
C:\build\output\Unity-Technologies\mono\mono\metadata\icall.c:1842:
C:\build\output\Unity-Technologies\mono\mono\metadata\icall.c:1842:
C:\build\output\Unity-Technologies\mono\mono\metadata\icall.c:1842:
C:\build\output\Unity-Technologies\mono\mono\metadata\icall.c:1842:
C:\build\output\Unity-Technologies\mono\mono\metadata\icall.c:1842:
C:\build\output\Unity-Technologies\mono\mono\metadata\icall.c:1842:
C:\build\output\Unity-Technologies\mono\mono\metadata\icall.c:1842:
C:\build\output\Unity-Technologies\mono\mono\metadata\icall.c:1842:
C:\build\output\Unity-Technologies\mono\mono\metadata\icall.c:1842:
C:\build\output\Unity-Technologies\mono\mono\metadata\icall.c:1842:
C:\build\output\Unity-Technologies\mono\mono\metadata\icall.c:1842:
C:\build\output\Unity-Technologies\mono\mono\metadata\icall.c:1842:
Symbol file LoadedFromMemory doesn't match image C:\Users\trety\OneDrive\Documents\GitHub\CappiAstralMuseum\CappiAstralMuseum\Cappi Astral Museum\Library\PackageCache\com.unity.visualscripting@1.8.0\Editor\VisualScripting.Core\Dependencies\YamlDotNet\Unity.VisualScripting.YamlDotNet.dll
Symbol file LoadedFromMemory doesn't match image C:\Users\trety\OneDrive\Documents\GitHub\CappiAstralMuseum\CappiAstralMuseum\Cappi Astral Museum\Library\PackageCache\com.unity.visualscripting@1.8.0\Editor\VisualScripting.Core\Dependencies\DotNetZip\Unity.VisualScripting.IonicZip.dll
Symbol file LoadedFromMemory is not a mono symbol file
- Loaded All Assemblies, in  0.878 seconds
Refreshing native plugins compatible for Editor in 1.77 ms, found 3 plugins.
Native extension for WindowsStandalone target not found
[MODES] ModeService[none].Initialize
[MODES] ModeService[none].LoadModes
[MODES] Loading mode Default (0) for mode-current-id-Cappi Astral Museum
Mono: successfully reloaded assembly
- Finished resetting the current domain, in  0.932 seconds
Domain Reload Profiling: 1806ms
	BeginReloadAssembly (253ms)
		ExecutionOrderSort (0ms)
		DisableScriptedObjects (17ms)
		BackupInstance (0ms)
		ReleaseScriptingObjects (0ms)
		CreateAndSetChildDomain (53ms)
	RebuildCommonClasses (47ms)
	RebuildNativeTypeToScriptingClass (14ms)
	initialDomainReloadingComplete (40ms)
	LoadAllAssembliesAndSetupDomain (520ms)
		LoadAssemblies (457ms)
		RebuildTransferFunctionScriptingTraits (0ms)
		AnalyzeDomain (188ms)
			TypeCache.Refresh (7ms)
				TypeCache.ScanAssembly (0ms)
			BuildScriptInfoCaches (171ms)
			ResolveRequiredComponents (6ms)
	FinalizeReload (932ms)
		ReleaseScriptCaches (0ms)
		RebuildScriptCaches (0ms)
		SetupLoadedEditorAssemblies (645ms)
			LogAssemblyErrors (0ms)
			InitializePlatformSupportModulesInManaged (3ms)
			SetLoadedEditorAssemblies (5ms)
			BeforeProcessingInitializeOnLoad (70ms)
			ProcessInitializeOnLoadAttributes (519ms)
			ProcessInitializeOnLoadMethodAttributes (36ms)
			AfterProcessingInitializeOnLoad (12ms)
			EditorAssembliesLoaded (0ms)
		ExecutionOrderSort2 (0ms)
		AwakeInstancesAfterBackupRestoration (22ms)
Refreshing native plugins compatible for Editor in 1.91 ms, found 3 plugins.
Preloading 0 native plugins for Editor in 0.00 ms.
Unloading 15 Unused Serialized files (Serialized files now loaded: 0)
Unloading 4494 unused Assets / (3.2 MB). Loaded Objects now: 5132.
Memory consumption went from 231.8 MB to 228.7 MB.
Total: 13.175800 ms (FindLiveObjects: 1.071700 ms CreateObjectMapping: 1.341000 ms MarkObjects: 7.607600 ms  DeleteObjects: 3.153900 ms)

Prepare: number of updated asset objects reloaded= 0
========================================================================
Received Prepare
Refreshing native plugins compatible for Editor in 1.53 ms, found 3 plugins.
Preloading 0 native plugins for Editor in 0.00 ms.
Unloading 15 Unused Serialized files (Serialized files now loaded: 0)
Unloading 4488 unused Assets / (3.1 MB). Loaded Objects now: 5132.
Memory consumption went from 232.0 MB to 228.9 MB.
Total: 9.516200 ms (FindLiveObjects: 0.570200 ms CreateObjectMapping: 0.535400 ms MarkObjects: 6.176900 ms  DeleteObjects: 2.232200 ms)

Prepare: number of updated asset objects reloaded= 0
========================================================================
Received Prepare
Begin MonoManager ReloadAssembly
C:\build\output\Unity-Technologies\mono\mono\metadata\icall.c:1842:
C:\build\output\Unity-Technologies\mono\mono\metadata\icall.c:1842:
C:\build\output\Unity-Technologies\mono\mono\metadata\icall.c:1842:
C:\build\output\Unity-Technologies\mono\mono\metadata\icall.c:1842:
C:\build\output\Unity-Technologies\mono\mono\metadata\icall.c:1842:
C:\build\output\Unity-Technologies\mono\mono\metadata\icall.c:1842:
C:\build\output\Unity-Technologies\mono\mono\metadata\icall.c:1842:
C:\build\output\Unity-Technologies\mono\mono\metadata\icall.c:1842:
C:\build\output\Unity-Technologies\mono\mono\metadata\icall.c:1842:
C:\build\output\Unity-Technologies\mono\mono\metadata\icall.c:1842:
C:\build\output\Unity-Technologies\mono\mono\metadata\icall.c:1842:
C:\build\output\Unity-Technologies\mono\mono\metadata\icall.c:1842:
Symbol file LoadedFromMemory doesn't match image C:\Users\trety\OneDrive\Documents\GitHub\CappiAstralMuseum\CappiAstralMuseum\Cappi Astral Museum\Library\PackageCache\com.unity.visualscripting@1.8.0\Editor\VisualScripting.Core\Dependencies\YamlDotNet\Unity.VisualScripting.YamlDotNet.dll
Symbol file LoadedFromMemory doesn't match image C:\Users\trety\OneDrive\Documents\GitHub\CappiAstralMuseum\CappiAstralMuseum\Cappi Astral Museum\Library\PackageCache\com.unity.visualscripting@1.8.0\Editor\VisualScripting.Core\Dependencies\DotNetZip\Unity.VisualScripting.IonicZip.dll
Symbol file LoadedFromMemory is not a mono symbol file
- Loaded All Assemblies, in  0.851 seconds
Refreshing native plugins compatible for Editor in 1.64 ms, found 3 plugins.
Native extension for WindowsStandalone target not found
[MODES] ModeService[none].Initialize
[MODES] ModeService[none].LoadModes
[MODES] Loading mode Default (0) for mode-current-id-Cappi Astral Museum
Error saving file Library/StateCache/LayerSettings/9e/9ecc5c3c162a7aba29bafa64c8b94b7c.json. Error: System.IO.IOException: Sharing violation on path C:\Users\trety\OneDrive\Documents\GitHub\CappiAstralMuseum\CappiAstralMuseum\Cappi Astral Museum\Library\StateCache\LayerSettings\9e\9ecc5c3c162a7aba29bafa64c8b94b7c.json
  at System.IO.FileStream..ctor (System.String path, System.IO.FileMode mode, System.IO.FileAccess access, System.IO.FileShare share, System.Int32 bufferSize, System.Boolean anonymous, System.IO.FileOptions options) [0x0019e] in <51ee0c51c90047b488b10b1b78b365d8>:0 
  at System.IO.FileStream..ctor (System.String path, System.IO.FileMode mode, System.IO.FileAccess access, System.IO.FileShare share, System.Int32 bufferSize, System.IO.FileOptions options) [0x00000] in <51ee0c51c90047b488b10b1b78b365d8>:0 
  at (wrapper remoting-invoke-with-check) System.IO.FileStream..ctor(string,System.IO.FileMode,System.IO.FileAccess,System.IO.FileShare,int,System.IO.FileOptions)
  at System.IO.StreamWriter..ctor (System.String path, System.Boolean append, System.Text.Encoding encoding, System.Int32 bufferSize) [0x00055] in <51ee0c51c90047b488b10b1b78b365d8>:0 
  at System.IO.StreamWriter..ctor (System.String path, System.Boolean append, System.Text.Encoding encoding) [0x00000] in <51ee0c51c90047b488b10b1b78b365d8>:0 
  at (wrapper remoting-invoke-with-check) System.IO.StreamWriter..ctor(string,bool,System.Text.Encoding)
  at System.IO.File.WriteAllText (System.String path, System.String contents, System.Text.Encoding encoding) [0x00034] in <51ee0c51c90047b488b10b1b78b365d8>:0 
  at UnityEditor.StateCache`1[T].SetState (UnityEngine.Hash128 key, T obj) [0x0004b] in <adf0e73faa2b4739bc17dcc108877e1a>:0 
UnityEngine.Debug:ExtractStackTraceNoAlloc (byte*,int,string)
UnityEngine.StackTraceUtility:ExtractStackTrace ()
UnityEngine.DebugLogHandler:Internal_Log (UnityEngine.LogType,UnityEngine.LogOption,string,UnityEngine.Object)
UnityEngine.DebugLogHandler:LogFormat (UnityEngine.LogType,UnityEngine.Object,string,object[])
UnityEngine.Logger:Log (UnityEngine.LogType,object)
UnityEngine.Debug:LogError (object)
UnityEditor.StateCache`1<UnityEditor.Tools/LayerSettings>:SetState (UnityEngine.Hash128,UnityEditor.Tools/LayerSettings)
UnityEditor.Tools:set_lockedLayers (int)
UnityEditor.Tools:OnEnable ()

Mono: successfully reloaded assembly
- Finished resetting the current domain, in  0.789 seconds
Domain Reload Profiling: 1636ms
	BeginReloadAssembly (223ms)
		ExecutionOrderSort (0ms)
		DisableScriptedObjects (5ms)
		BackupInstance (0ms)
		ReleaseScriptingObjects (0ms)
		CreateAndSetChildDomain (52ms)
	RebuildCommonClasses (40ms)
	RebuildNativeTypeToScriptingClass (16ms)
	initialDomainReloadingComplete (33ms)
	LoadAllAssembliesAndSetupDomain (535ms)
		LoadAssemblies (479ms)
		RebuildTransferFunctionScriptingTraits (0ms)
		AnalyzeDomain (177ms)
			TypeCache.Refresh (12ms)
				TypeCache.ScanAssembly (1ms)
			BuildScriptInfoCaches (155ms)
			ResolveRequiredComponents (7ms)
	FinalizeReload (789ms)
		ReleaseScriptCaches (0ms)
		RebuildScriptCaches (0ms)
		SetupLoadedEditorAssemblies (538ms)
			LogAssemblyErrors (0ms)
			InitializePlatformSupportModulesInManaged (3ms)
			SetLoadedEditorAssemblies (5ms)
			BeforeProcessingInitializeOnLoad (66ms)
			ProcessInitializeOnLoadAttributes (434ms)
			ProcessInitializeOnLoadMethodAttributes (22ms)
			AfterProcessingInitializeOnLoad (8ms)
			EditorAssembliesLoaded (0ms)
		ExecutionOrderSort2 (0ms)
		AwakeInstancesAfterBackupRestoration (20ms)
Refreshing native plugins compatible for Editor in 1.35 ms, found 3 plugins.
Preloading 0 native plugins for Editor in 0.00 ms.
Unloading 15 Unused Serialized files (Serialized files now loaded: 0)
Unloading 4494 unused Assets / (3.3 MB). Loaded Objects now: 5133.
Memory consumption went from 233.7 MB to 230.4 MB.
Total: 9.294500 ms (FindLiveObjects: 0.601700 ms CreateObjectMapping: 0.664900 ms MarkObjects: 4.900900 ms  DeleteObjects: 3.125300 ms)

Prepare: number of updated asset objects reloaded= 0
========================================================================
Received Prepare
Begin MonoManager ReloadAssembly
C:\build\output\Unity-Technologies\mono\mono\metadata\icall.c:1842:
C:\build\output\Unity-Technologies\mono\mono\metadata\icall.c:1842:
C:\build\output\Unity-Technologies\mono\mono\metadata\icall.c:1842:
C:\build\output\Unity-Technologies\mono\mono\metadata\icall.c:1842:
C:\build\output\Unity-Technologies\mono\mono\metadata\icall.c:1842:
C:\build\output\Unity-Technologies\mono\mono\metadata\icall.c:1842:
C:\build\output\Unity-Technologies\mono\mono\metadata\icall.c:1842:
C:\build\output\Unity-Technologies\mono\mono\metadata\icall.c:1842:
C:\build\output\Unity-Technologies\mono\mono\metadata\icall.c:1842:
C:\build\output\Unity-Technologies\mono\mono\metadata\icall.c:1842:
C:\build\output\Unity-Technologies\mono\mono\metadata\icall.c:1842:
C:\build\output\Unity-Technologies\mono\mono\metadata\icall.c:1842:
Symbol file LoadedFromMemory doesn't match image C:\Users\trety\OneDrive\Documents\GitHub\CappiAstralMuseum\CappiAstralMuseum\Cappi Astral Museum\Library\PackageCache\com.unity.visualscripting@1.8.0\Editor\VisualScripting.Core\Dependencies\YamlDotNet\Unity.VisualScripting.YamlDotNet.dll
Symbol file LoadedFromMemory doesn't match image C:\Users\trety\OneDrive\Documents\GitHub\CappiAstralMuseum\CappiAstralMuseum\Cappi Astral Museum\Library\PackageCache\com.unity.visualscripting@1.8.0\Editor\VisualScripting.Core\Dependencies\DotNetZip\Unity.VisualScripting.IonicZip.dll
Symbol file LoadedFromMemory is not a mono symbol file
- Loaded All Assemblies, in  0.834 seconds
Refreshing native plugins compatible for Editor in 1.35 ms, found 3 plugins.
Native extension for WindowsStandalone target not found
[MODES] ModeService[none].Initialize
[MODES] ModeService[none].LoadModes
[MODES] Loading mode Default (0) for mode-current-id-Cappi Astral Museum
Mono: successfully reloaded assembly
- Finished resetting the current domain, in  0.859 seconds
Domain Reload Profiling: 1688ms
	BeginReloadAssembly (255ms)
		ExecutionOrderSort (0ms)
		DisableScriptedObjects (8ms)
		BackupInstance (0ms)
		ReleaseScriptingObjects (0ms)
		CreateAndSetChildDomain (65ms)
	RebuildCommonClasses (39ms)
	RebuildNativeTypeToScriptingClass (18ms)
	initialDomainReloadingComplete (37ms)
	LoadAllAssembliesAndSetupDomain (481ms)
		LoadAssemblies (438ms)
		RebuildTransferFunctionScriptingTraits (0ms)
		AnalyzeDomain (170ms)
			TypeCache.Refresh (8ms)
				TypeCache.ScanAssembly (0ms)
			BuildScriptInfoCaches (153ms)
			ResolveRequiredComponents (6ms)
	FinalizeReload (859ms)
		ReleaseScriptCaches (0ms)
		RebuildScriptCaches (0ms)
		SetupLoadedEditorAssemblies (626ms)
			LogAssemblyErrors (0ms)
			InitializePlatformSupportModulesInManaged (2ms)
			SetLoadedEditorAssemblies (5ms)
			BeforeProcessingInitializeOnLoad (68ms)
			ProcessInitializeOnLoadAttributes (516ms)
			ProcessInitializeOnLoadMethodAttributes (26ms)
			AfterProcessingInitializeOnLoad (8ms)
			EditorAssembliesLoaded (0ms)
		ExecutionOrderSort2 (0ms)
		AwakeInstancesAfterBackupRestoration (16ms)
Refreshing native plugins compatible for Editor in 2.10 ms, found 3 plugins.
Preloading 0 native plugins for Editor in 0.00 ms.
Unloading 15 Unused Serialized files (Serialized files now loaded: 0)
Unloading 4494 unused Assets / (3.0 MB). Loaded Objects now: 5134.
Memory consumption went from 235.7 MB to 232.6 MB.
Total: 11.517300 ms (FindLiveObjects: 0.723900 ms CreateObjectMapping: 0.897600 ms MarkObjects: 6.918800 ms  DeleteObjects: 2.975500 ms)

Prepare: number of updated asset objects reloaded= 0
========================================================================
Received Prepare
Refreshing native plugins compatible for Editor in 3.80 ms, found 3 plugins.
Preloading 0 native plugins for Editor in 0.00 ms.
Unloading 15 Unused Serialized files (Serialized files now loaded: 0)
Unloading 4488 unused Assets / (3.1 MB). Loaded Objects now: 5134.
Memory consumption went from 235.8 MB to 232.7 MB.
Total: 16.927300 ms (FindLiveObjects: 1.277800 ms CreateObjectMapping: 1.681500 ms MarkObjects: 10.067100 ms  DeleteObjects: 3.898900 ms)

Prepare: number of updated asset objects reloaded= 0
========================================================================
Received Prepare
Begin MonoManager ReloadAssembly
C:\build\output\Unity-Technologies\mono\mono\metadata\icall.c:1842:
C:\build\output\Unity-Technologies\mono\mono\metadata\icall.c:1842:
C:\build\output\Unity-Technologies\mono\mono\metadata\icall.c:1842:
C:\build\output\Unity-Technologies\mono\mono\metadata\icall.c:1842:
C:\build\output\Unity-Technologies\mono\mono\metadata\icall.c:1842:
C:\build\output\Unity-Technologies\mono\mono\metadata\icall.c:1842:
C:\build\output\Unity-Technologies\mono\mono\metadata\icall.c:1842:
C:\build\output\Unity-Technologies\mono\mono\metadata\icall.c:1842:
C:\build\output\Unity-Technologies\mono\mono\metadata\icall.c:1842:
C:\build\output\Unity-Technologies\mono\mono\metadata\icall.c:1842:
C:\build\output\Unity-Technologies\mono\mono\metadata\icall.c:1842:
C:\build\output\Unity-Technologies\mono\mono\metadata\icall.c:1842:
Symbol file LoadedFromMemory doesn't match image C:\Users\trety\OneDrive\Documents\GitHub\CappiAstralMuseum\CappiAstralMuseum\Cappi Astral Museum\Library\PackageCache\com.unity.visualscripting@1.8.0\Editor\VisualScripting.Core\Dependencies\YamlDotNet\Unity.VisualScripting.YamlDotNet.dll
Symbol file LoadedFromMemory doesn't match image C:\Users\trety\OneDrive\Documents\GitHub\CappiAstralMuseum\CappiAstralMuseum\Cappi Astral Museum\Library\PackageCache\com.unity.visualscripting@1.8.0\Editor\VisualScripting.Core\Dependencies\DotNetZip\Unity.VisualScripting.IonicZip.dll
Symbol file LoadedFromMemory is not a mono symbol file
- Loaded All Assemblies, in  0.977 seconds
Refreshing native plugins compatible for Editor in 1.32 ms, found 3 plugins.
Native extension for WindowsStandalone target not found
Error saving file Library/StateCache/LayerSettings/9e/9ecc5c3c162a7aba29bafa64c8b94b7c.json. Error: System.IO.IOException: Sharing violation on path C:\Users\trety\OneDrive\Documents\GitHub\CappiAstralMuseum\CappiAstralMuseum\Cappi Astral Museum\Library\StateCache\LayerSettings\9e\9ecc5c3c162a7aba29bafa64c8b94b7c.json
  at System.IO.FileStream..ctor (System.String path, System.IO.FileMode mode, System.IO.FileAccess access, System.IO.FileShare share, System.Int32 bufferSize, System.Boolean anonymous, System.IO.FileOptions options) [0x0019e] in <51ee0c51c90047b488b10b1b78b365d8>:0 
  at System.IO.FileStream..ctor (System.String path, System.IO.FileMode mode, System.IO.FileAccess access, System.IO.FileShare share, System.Int32 bufferSize, System.IO.FileOptions options) [0x00000] in <51ee0c51c90047b488b10b1b78b365d8>:0 
  at (wrapper remoting-invoke-with-check) System.IO.FileStream..ctor(string,System.IO.FileMode,System.IO.FileAccess,System.IO.FileShare,int,System.IO.FileOptions)
  at System.IO.StreamWriter..ctor (System.String path, System.Boolean append, System.Text.Encoding encoding, System.Int32 bufferSize) [0x00055] in <51ee0c51c90047b488b10b1b78b365d8>:0 
  at System.IO.StreamWriter..ctor (System.String path, System.Boolean append, System.Text.Encoding encoding) [0x00000] in <51ee0c51c90047b488b10b1b78b365d8>:0 
  at (wrapper remoting-invoke-with-check) System.IO.StreamWriter..ctor(string,bool,System.Text.Encoding)
  at System.IO.File.WriteAllText (System.String path, System.String contents, System.Text.Encoding encoding) [0x00034] in <51ee0c51c90047b488b10b1b78b365d8>:0 
  at UnityEditor.StateCache`1[T].SetState (UnityEngine.Hash128 key, T obj) [0x0004b] in <adf0e73faa2b4739bc17dcc108877e1a>:0 
UnityEngine.Debug:ExtractStackTraceNoAlloc (byte*,int,string)
UnityEngine.StackTraceUtility:ExtractStackTrace ()
UnityEngine.DebugLogHandler:Internal_Log (UnityEngine.LogType,UnityEngine.LogOption,string,UnityEngine.Object)
UnityEngine.DebugLogHandler:LogFormat (UnityEngine.LogType,UnityEngine.Object,string,object[])
UnityEngine.Logger:Log (UnityEngine.LogType,object)
UnityEngine.Debug:LogError (object)
UnityEditor.StateCache`1<UnityEditor.Tools/LayerSettings>:SetState (UnityEngine.Hash128,UnityEditor.Tools/LayerSettings)
UnityEditor.Tools:set_lockedLayers (int)
UnityEditor.Tools:OnEnable ()
UnityEngine.ScriptableObject:CreateScriptableObjectInstanceFromType (System.Type,bool)
UnityEngine.ScriptableObject:CreateInstance (System.Type)
UnityEngine.ScriptableObject:CreateInstance<UnityEditor.Tools> ()
UnityEditor.Tools:get_get ()
UnityEditor.Tools:get_visibleLayers ()
UnityEditor.Animations.Rigging.BoneRendererUtils:.cctor () (at ./Library/PackageCache/com.unity.animation.rigging@1.3.1/Editor/Utils/BoneRendererUtils.cs:121)
System.Runtime.CompilerServices.RuntimeHelpers:RunClassConstructor (System.RuntimeTypeHandle)
UnityEditor.EditorAssemblies:ProcessInitializeOnLoadAttributes (System.Type[])

(Filename: ./Library/PackageCache/com.unity.animation.rigging@1.3.1/Editor/Utils/BoneRendererUtils.cs Line: 121)

[MODES] ModeService[none].Initialize
[MODES] ModeService[none].LoadModes
[MODES] Loading mode Default (0) for mode-current-id-Cappi Astral Museum
Error saving file Library/StateCache/LayerSettings/9e/9ecc5c3c162a7aba29bafa64c8b94b7c.json. Error: System.IO.IOException: Sharing violation on path C:\Users\trety\OneDrive\Documents\GitHub\CappiAstralMuseum\CappiAstralMuseum\Cappi Astral Museum\Library\StateCache\LayerSettings\9e\9ecc5c3c162a7aba29bafa64c8b94b7c.json
  at System.IO.FileStream..ctor (System.String path, System.IO.FileMode mode, System.IO.FileAccess access, System.IO.FileShare share, System.Int32 bufferSize, System.Boolean anonymous, System.IO.FileOptions options) [0x0019e] in <51ee0c51c90047b488b10b1b78b365d8>:0 
  at System.IO.FileStream..ctor (System.String path, System.IO.FileMode mode, System.IO.FileAccess access, System.IO.FileShare share, System.Int32 bufferSize, System.IO.FileOptions options) [0x00000] in <51ee0c51c90047b488b10b1b78b365d8>:0 
  at (wrapper remoting-invoke-with-check) System.IO.FileStream..ctor(string,System.IO.FileMode,System.IO.FileAccess,System.IO.FileShare,int,System.IO.FileOptions)
  at System.IO.StreamWriter..ctor (System.String path, System.Boolean append, System.Text.Encoding encoding, System.Int32 bufferSize) [0x00055] in <51ee0c51c90047b488b10b1b78b365d8>:0 
  at System.IO.StreamWriter..ctor (System.String path, System.Boolean append, System.Text.Encoding encoding) [0x00000] in <51ee0c51c90047b488b10b1b78b365d8>:0 
  at (wrapper remoting-invoke-with-check) System.IO.StreamWriter..ctor(string,bool,System.Text.Encoding)
  at System.IO.File.WriteAllText (System.String path, System.String contents, System.Text.Encoding encoding) [0x00034] in <51ee0c51c90047b488b10b1b78b365d8>:0 
  at UnityEditor.StateCache`1[T].SetState (UnityEngine.Hash128 key, T obj) [0x0004b] in <adf0e73faa2b4739bc17dcc108877e1a>:0 
UnityEngine.Debug:ExtractStackTraceNoAlloc (byte*,int,string)
UnityEngine.StackTraceUtility:ExtractStackTrace ()
UnityEngine.DebugLogHandler:Internal_Log (UnityEngine.LogType,UnityEngine.LogOption,string,UnityEngine.Object)
UnityEngine.DebugLogHandler:LogFormat (UnityEngine.LogType,UnityEngine.Object,string,object[])
UnityEngine.Logger:Log (UnityEngine.LogType,object)
UnityEngine.Debug:LogError (object)
UnityEditor.StateCache`1<UnityEditor.Tools/LayerSettings>:SetState (UnityEngine.Hash128,UnityEditor.Tools/LayerSettings)
UnityEditor.Tools:set_lockedLayers (int)
UnityEditor.Tools:OnEnable ()

Mono: successfully reloaded assembly
- Finished resetting the current domain, in  0.810 seconds
Domain Reload Profiling: 1784ms
	BeginReloadAssembly (230ms)
		ExecutionOrderSort (0ms)
		DisableScriptedObjects (7ms)
		BackupInstance (0ms)
		ReleaseScriptingObjects (0ms)
		CreateAndSetChildDomain (52ms)
	RebuildCommonClasses (45ms)
	RebuildNativeTypeToScriptingClass (17ms)
	initialDomainReloadingComplete (38ms)
	LoadAllAssembliesAndSetupDomain (644ms)
		LoadAssemblies (506ms)
		RebuildTransferFunctionScriptingTraits (0ms)
		AnalyzeDomain (260ms)
			TypeCache.Refresh (15ms)
				TypeCache.ScanAssembly (2ms)
			BuildScriptInfoCaches (227ms)
			ResolveRequiredComponents (13ms)
	FinalizeReload (811ms)
		ReleaseScriptCaches (0ms)
		RebuildScriptCaches (0ms)
		SetupLoadedEditorAssemblies (569ms)
			LogAssemblyErrors (0ms)
			InitializePlatformSupportModulesInManaged (2ms)
			SetLoadedEditorAssemblies (5ms)
			BeforeProcessingInitializeOnLoad (69ms)
			ProcessInitializeOnLoadAttributes (459ms)
			ProcessInitializeOnLoadMethodAttributes (25ms)
			AfterProcessingInitializeOnLoad (8ms)
			EditorAssembliesLoaded (0ms)
		ExecutionOrderSort2 (0ms)
		AwakeInstancesAfterBackupRestoration (23ms)
Refreshing native plugins compatible for Editor in 1.62 ms, found 3 plugins.
Preloading 0 native plugins for Editor in 0.00 ms.
Unloading 15 Unused Serialized files (Serialized files now loaded: 0)
Unloading 4494 unused Assets / (3.1 MB). Loaded Objects now: 5135.
Memory consumption went from 237.6 MB to 234.5 MB.
Total: 9.198000 ms (FindLiveObjects: 0.634000 ms CreateObjectMapping: 0.432200 ms MarkObjects: 5.666300 ms  DeleteObjects: 2.463700 ms)

Prepare: number of updated asset objects reloaded= 0
========================================================================
Received Prepare
Begin MonoManager ReloadAssembly
C:\build\output\Unity-Technologies\mono\mono\metadata\icall.c:1842:
C:\build\output\Unity-Technologies\mono\mono\metadata\icall.c:1842:
C:\build\output\Unity-Technologies\mono\mono\metadata\icall.c:1842:
C:\build\output\Unity-Technologies\mono\mono\metadata\icall.c:1842:
C:\build\output\Unity-Technologies\mono\mono\metadata\icall.c:1842:
C:\build\output\Unity-Technologies\mono\mono\metadata\icall.c:1842:
C:\build\output\Unity-Technologies\mono\mono\metadata\icall.c:1842:
C:\build\output\Unity-Technologies\mono\mono\metadata\icall.c:1842:
C:\build\output\Unity-Technologies\mono\mono\metadata\icall.c:1842:
C:\build\output\Unity-Technologies\mono\mono\metadata\icall.c:1842:
C:\build\output\Unity-Technologies\mono\mono\metadata\icall.c:1842:
C:\build\output\Unity-Technologies\mono\mono\metadata\icall.c:1842:
Symbol file LoadedFromMemory doesn't match image C:\Users\trety\OneDrive\Documents\GitHub\CappiAstralMuseum\CappiAstralMuseum\Cappi Astral Museum\Library\PackageCache\com.unity.visualscripting@1.8.0\Editor\VisualScripting.Core\Dependencies\YamlDotNet\Unity.VisualScripting.YamlDotNet.dll
Symbol file LoadedFromMemory doesn't match image C:\Users\trety\OneDrive\Documents\GitHub\CappiAstralMuseum\CappiAstralMuseum\Cappi Astral Museum\Library\PackageCache\com.unity.visualscripting@1.8.0\Editor\VisualScripting.Core\Dependencies\DotNetZip\Unity.VisualScripting.IonicZip.dll
Symbol file LoadedFromMemory is not a mono symbol file
- Loaded All Assemblies, in  0.898 seconds
Refreshing native plugins compatible for Editor in 1.31 ms, found 3 plugins.
Native extension for WindowsStandalone target not found
[MODES] ModeService[none].Initialize
[MODES] ModeService[none].LoadModes
[MODES] Loading mode Default (0) for mode-current-id-Cappi Astral Museum
Mono: successfully reloaded assembly
- Finished resetting the current domain, in  1.154 seconds
Domain Reload Profiling: 2048ms
	BeginReloadAssembly (240ms)
		ExecutionOrderSort (0ms)
		DisableScriptedObjects (6ms)
		BackupInstance (0ms)
		ReleaseScriptingObjects (0ms)
		CreateAndSetChildDomain (56ms)
	RebuildCommonClasses (44ms)
	RebuildNativeTypeToScriptingClass (14ms)
	initialDomainReloadingComplete (39ms)
	LoadAllAssembliesAndSetupDomain (556ms)
		LoadAssemblies (489ms)
		RebuildTransferFunctionScriptingTraits (0ms)
		AnalyzeDomain (194ms)
			TypeCache.Refresh (11ms)
				TypeCache.ScanAssembly (0ms)
			BuildScriptInfoCaches (173ms)
			ResolveRequiredComponents (6ms)
	FinalizeReload (1155ms)
		ReleaseScriptCaches (0ms)
		RebuildScriptCaches (0ms)
		SetupLoadedEditorAssemblies (799ms)
			LogAssemblyErrors (0ms)
			InitializePlatformSupportModulesInManaged (3ms)
			SetLoadedEditorAssemblies (5ms)
			BeforeProcessingInitializeOnLoad (78ms)
			ProcessInitializeOnLoadAttributes (644ms)
			ProcessInitializeOnLoadMethodAttributes (54ms)
			AfterProcessingInitializeOnLoad (14ms)
			EditorAssembliesLoaded (0ms)
		ExecutionOrderSort2 (0ms)
		AwakeInstancesAfterBackupRestoration (33ms)
Refreshing native plugins compatible for Editor in 2.46 ms, found 3 plugins.
Preloading 0 native plugins for Editor in 0.00 ms.
Unloading 15 Unused Serialized files (Serialized files now loaded: 0)
Unloading 4494 unused Assets / (3.3 MB). Loaded Objects now: 5136.
Memory consumption went from 239.5 MB to 236.2 MB.
Total: 14.381900 ms (FindLiveObjects: 0.890500 ms CreateObjectMapping: 0.988600 ms MarkObjects: 9.474200 ms  DeleteObjects: 3.026100 ms)

Prepare: number of updated asset objects reloaded= 0
========================================================================
Received Prepare
Begin MonoManager ReloadAssembly
C:\build\output\Unity-Technologies\mono\mono\metadata\icall.c:1842:
C:\build\output\Unity-Technologies\mono\mono\metadata\icall.c:1842:
C:\build\output\Unity-Technologies\mono\mono\metadata\icall.c:1842:
C:\build\output\Unity-Technologies\mono\mono\metadata\icall.c:1842:
C:\build\output\Unity-Technologies\mono\mono\metadata\icall.c:1842:
C:\build\output\Unity-Technologies\mono\mono\metadata\icall.c:1842:
C:\build\output\Unity-Technologies\mono\mono\metadata\icall.c:1842:
C:\build\output\Unity-Technologies\mono\mono\metadata\icall.c:1842:
C:\build\output\Unity-Technologies\mono\mono\metadata\icall.c:1842:
C:\build\output\Unity-Technologies\mono\mono\metadata\icall.c:1842:
C:\build\output\Unity-Technologies\mono\mono\metadata\icall.c:1842:
C:\build\output\Unity-Technologies\mono\mono\metadata\icall.c:1842:
Symbol file LoadedFromMemory doesn't match image C:\Users\trety\OneDrive\Documents\GitHub\CappiAstralMuseum\CappiAstralMuseum\Cappi Astral Museum\Library\PackageCache\com.unity.visualscripting@1.8.0\Editor\VisualScripting.Core\Dependencies\YamlDotNet\Unity.VisualScripting.YamlDotNet.dll
Symbol file LoadedFromMemory doesn't match image C:\Users\trety\OneDrive\Documents\GitHub\CappiAstralMuseum\CappiAstralMuseum\Cappi Astral Museum\Library\PackageCache\com.unity.visualscripting@1.8.0\Editor\VisualScripting.Core\Dependencies\DotNetZip\Unity.VisualScripting.IonicZip.dll
Symbol file LoadedFromMemory is not a mono symbol file
- Loaded All Assemblies, in  1.076 seconds
Refreshing native plugins compatible for Editor in 2.10 ms, found 3 plugins.
Native extension for WindowsStandalone target not found
[MODES] ModeService[none].Initialize
[MODES] ModeService[none].LoadModes
[MODES] Loading mode Default (0) for mode-current-id-Cappi Astral Museum
Mono: successfully reloaded assembly
- Finished resetting the current domain, in  1.126 seconds
Domain Reload Profiling: 2199ms
	BeginReloadAssembly (291ms)
		ExecutionOrderSort (0ms)
		DisableScriptedObjects (7ms)
		BackupInstance (0ms)
		ReleaseScriptingObjects (0ms)
		CreateAndSetChildDomain (74ms)
	RebuildCommonClasses (58ms)
	RebuildNativeTypeToScriptingClass (16ms)
	initialDomainReloadingComplete (42ms)
	LoadAllAssembliesAndSetupDomain (664ms)
		LoadAssemblies (583ms)
		RebuildTransferFunctionScriptingTraits (0ms)
		AnalyzeDomain (237ms)
			TypeCache.Refresh (12ms)
				TypeCache.ScanAssembly (0ms)
			BuildScriptInfoCaches (214ms)
			ResolveRequiredComponents (7ms)
	FinalizeReload (1127ms)
		ReleaseScriptCaches (0ms)
		RebuildScriptCaches (0ms)
		SetupLoadedEditorAssemblies (764ms)
			LogAssemblyErrors (0ms)
			InitializePlatformSupportModulesInManaged (3ms)
			SetLoadedEditorAssemblies (6ms)
			BeforeProcessingInitializeOnLoad (80ms)
			ProcessInitializeOnLoadAttributes (623ms)
			ProcessInitializeOnLoadMethodAttributes (44ms)
			AfterProcessingInitializeOnLoad (9ms)
			EditorAssembliesLoaded (0ms)
		ExecutionOrderSort2 (0ms)
		AwakeInstancesAfterBackupRestoration (27ms)
Refreshing native plugins compatible for Editor in 2.31 ms, found 3 plugins.
Preloading 0 native plugins for Editor in 0.00 ms.
Unloading 15 Unused Serialized files (Serialized files now loaded: 0)
Unloading 4494 unused Assets / (3.0 MB). Loaded Objects now: 5137.
Memory consumption went from 241.4 MB to 238.4 MB.
Total: 24.999000 ms (FindLiveObjects: 2.421700 ms CreateObjectMapping: 1.707000 ms MarkObjects: 13.116900 ms  DeleteObjects: 7.749700 ms)

Prepare: number of updated asset objects reloaded= 0
========================================================================
Received Prepare
Begin MonoManager ReloadAssembly
C:\build\output\Unity-Technologies\mono\mono\metadata\icall.c:1842:
C:\build\output\Unity-Technologies\mono\mono\metadata\icall.c:1842:
C:\build\output\Unity-Technologies\mono\mono\metadata\icall.c:1842:
C:\build\output\Unity-Technologies\mono\mono\metadata\icall.c:1842:
C:\build\output\Unity-Technologies\mono\mono\metadata\icall.c:1842:
C:\build\output\Unity-Technologies\mono\mono\metadata\icall.c:1842:
C:\build\output\Unity-Technologies\mono\mono\metadata\icall.c:1842:
C:\build\output\Unity-Technologies\mono\mono\metadata\icall.c:1842:
C:\build\output\Unity-Technologies\mono\mono\metadata\icall.c:1842:
C:\build\output\Unity-Technologies\mono\mono\metadata\icall.c:1842:
C:\build\output\Unity-Technologies\mono\mono\metadata\icall.c:1842:
C:\build\output\Unity-Technologies\mono\mono\metadata\icall.c:1842:
Symbol file LoadedFromMemory doesn't match image C:\Users\trety\OneDrive\Documents\GitHub\CappiAstralMuseum\CappiAstralMuseum\Cappi Astral Museum\Library\PackageCache\com.unity.visualscripting@1.8.0\Editor\VisualScripting.Core\Dependencies\YamlDotNet\Unity.VisualScripting.YamlDotNet.dll
Symbol file LoadedFromMemory doesn't match image C:\Users\trety\OneDrive\Documents\GitHub\CappiAstralMuseum\CappiAstralMuseum\Cappi Astral Museum\Library\PackageCache\com.unity.visualscripting@1.8.0\Editor\VisualScripting.Core\Dependencies\DotNetZip\Unity.VisualScripting.IonicZip.dll
Symbol file LoadedFromMemory is not a mono symbol file
- Loaded All Assemblies, in  0.882 seconds
Refreshing native plugins compatible for Editor in 1.37 ms, found 3 plugins.
Native extension for WindowsStandalone target not found
[MODES] ModeService[none].Initialize
[MODES] ModeService[none].LoadModes
[MODES] Loading mode Default (0) for mode-current-id-Cappi Astral Museum
Mono: successfully reloaded assembly
- Finished resetting the current domain, in  1.047 seconds
Domain Reload Profiling: 1926ms
	BeginReloadAssembly (241ms)
		ExecutionOrderSort (0ms)
		DisableScriptedObjects (8ms)
		BackupInstance (0ms)
		ReleaseScriptingObjects (0ms)
		CreateAndSetChildDomain (62ms)
	RebuildCommonClasses (47ms)
	RebuildNativeTypeToScriptingClass (18ms)
	initialDomainReloadingComplete (36ms)
	LoadAllAssembliesAndSetupDomain (536ms)
		LoadAssemblies (464ms)
		RebuildTransferFunctionScriptingTraits (0ms)
		AnalyzeDomain (195ms)
			TypeCache.Refresh (8ms)
				TypeCache.ScanAssembly (0ms)
			BuildScriptInfoCaches (176ms)
			ResolveRequiredComponents (7ms)
	FinalizeReload (1048ms)
		ReleaseScriptCaches (0ms)
		RebuildScriptCaches (0ms)
		SetupLoadedEditorAssemblies (735ms)
			LogAssemblyErrors (0ms)
			InitializePlatformSupportModulesInManaged (3ms)
			SetLoadedEditorAssemblies (6ms)
			BeforeProcessingInitializeOnLoad (75ms)
			ProcessInitializeOnLoadAttributes (601ms)
			ProcessInitializeOnLoadMethodAttributes (37ms)
			AfterProcessingInitializeOnLoad (11ms)
			EditorAssembliesLoaded (1ms)
		ExecutionOrderSort2 (0ms)
		AwakeInstancesAfterBackupRestoration (32ms)
Refreshing native plugins compatible for Editor in 2.57 ms, found 3 plugins.
Preloading 0 native plugins for Editor in 0.00 ms.
Unloading 15 Unused Serialized files (Serialized files now loaded: 0)
Unloading 4494 unused Assets / (3.2 MB). Loaded Objects now: 5138.
Memory consumption went from 243.3 MB to 240.1 MB.
Total: 14.575600 ms (FindLiveObjects: 0.729800 ms CreateObjectMapping: 0.684100 ms MarkObjects: 8.936400 ms  DeleteObjects: 4.223700 ms)

Prepare: number of updated asset objects reloaded= 0
========================================================================
Received Import Request.
  Time since last request: 1255.213288 seconds.
  path: Assets/Model/Players/cappi/Materials
  artifactKey: Guid(9858e4c60b5fbb74b9b17e66238da6d2) Importer(815301076,1909f56bfc062723c751e8b465ee728b)
Start importing Assets/Model/Players/cappi/Materials using Guid(9858e4c60b5fbb74b9b17e66238da6d2) Importer(815301076,1909f56bfc062723c751e8b465ee728b) (PreviewImporter) -> (artifact id: 'aff0540c878c8a9f0c9a650b4f3d3b86') in 0.2938717 seconds
Number of updated asset objects reloaded before import = 0Number of asset objects unloaded after import = 0

========================================================================
Received Import Request.
  Time since last request: 0.000112 seconds.
  path: Assets/Model/Players/cappi/Materials/cappi_buckle.mat
  artifactKey: Guid(39f8a429d6fcd2c48b395de993a1f519) Importer(815301076,1909f56bfc062723c751e8b465ee728b)
Start importing Assets/Model/Players/cappi/Materials/cappi_buckle.mat using Guid(39f8a429d6fcd2c48b395de993a1f519) Importer(815301076,1909f56bfc062723c751e8b465ee728b) (PreviewImporter) -> (artifact id: '0ca6dec73b4b86aaf105261d61827f5c') in 0.2005169 seconds
Number of updated asset objects reloaded before import = 0Number of asset objects unloaded after import = 1

========================================================================
Received Import Request.
  Time since last request: 0.000045 seconds.
  path: Assets/Model/Players/cappi/Materials/cappi_hair'.mat
  artifactKey: Guid(dcf670e2370c2424eab1f4b95d366df2) Importer(815301076,1909f56bfc062723c751e8b465ee728b)
Start importing Assets/Model/Players/cappi/Materials/cappi_hair'.mat using Guid(dcf670e2370c2424eab1f4b95d366df2) Importer(815301076,1909f56bfc062723c751e8b465ee728b) (PreviewImporter) -> (artifact id: 'ac993924be6141e34d6f7987868ce124') in 0.0342105 seconds
Number of updated asset objects reloaded before import = 0Number of asset objects unloaded after import = 3

========================================================================
Received Import Request.
  Time since last request: 0.000035 seconds.
  path: Assets/Model/Players/cappi/Materials/cappi_shoes.mat
  artifactKey: Guid(9295f5d4965311b4d9c7a2265f09f7d1) Importer(815301076,1909f56bfc062723c751e8b465ee728b)
Start importing Assets/Model/Players/cappi/Materials/cappi_shoes.mat using Guid(9295f5d4965311b4d9c7a2265f09f7d1) Importer(815301076,1909f56bfc062723c751e8b465ee728b) (PreviewImporter) -> (artifact id: '07d12df5c3c7d59d04eb1ca393120606') in 0.0257795 seconds
Number of updated asset objects reloaded before import = 0Number of asset objects unloaded after import = 1

========================================================================
Received Import Request.
  Time since last request: 0.000032 seconds.
  path: Assets/Model/Players/cappi/Materials/cappi_hoodietop.mat
  artifactKey: Guid(cc2692f95e874ff4b839c1d64c192037) Importer(815301076,1909f56bfc062723c751e8b465ee728b)
Start importing Assets/Model/Players/cappi/Materials/cappi_hoodietop.mat using Guid(cc2692f95e874ff4b839c1d64c192037) Importer(815301076,1909f56bfc062723c751e8b465ee728b) (PreviewImporter) -> (artifact id: '1f2da146c9c716577cd6d9a164a348f7') in 0.0311508 seconds
Number of updated asset objects reloaded before import = 0Number of asset objects unloaded after import = 2

========================================================================
Received Import Request.
  Time since last request: 0.000033 seconds.
  path: Assets/Model/Players/cappi/Materials/cappi_eyes.mat
  artifactKey: Guid(a47b98094b37f8844ac93c6e1cfc128e) Importer(815301076,1909f56bfc062723c751e8b465ee728b)
Start importing Assets/Model/Players/cappi/Materials/cappi_eyes.mat using Guid(a47b98094b37f8844ac93c6e1cfc128e) Importer(815301076,1909f56bfc062723c751e8b465ee728b) (PreviewImporter) -> (artifact id: '2600007cdbb3adad2da5f51c4e9e335e') in 0.0276503 seconds
Number of updated asset objects reloaded before import = 0Number of asset objects unloaded after import = 1

========================================================================
Received Import Request.
  Time since last request: 0.000055 seconds.
  path: Assets/Model/Players/cappi/Materials/cappi_shoeswhite.mat
  artifactKey: Guid(b3f1b6fd6eb4ec64ba4c8308620dcf1f) Importer(815301076,1909f56bfc062723c751e8b465ee728b)
Start importing Assets/Model/Players/cappi/Materials/cappi_shoeswhite.mat using Guid(b3f1b6fd6eb4ec64ba4c8308620dcf1f) Importer(815301076,1909f56bfc062723c751e8b465ee728b) (PreviewImporter) -> (artifact id: '5204403a160686a3c7edacbba5f4b0e4') in 0.0298126 seconds
Number of updated asset objects reloaded before import = 0Number of asset objects unloaded after import = 1

========================================================================
Received Import Request.
  Time since last request: 0.000059 seconds.
  path: Assets/Model/Players/cappi/Materials/cappi_hat.mat
  artifactKey: Guid(e80e831638c9d9b449cbd10c753b6884) Importer(815301076,1909f56bfc062723c751e8b465ee728b)
Start importing Assets/Model/Players/cappi/Materials/cappi_hat.mat using Guid(e80e831638c9d9b449cbd10c753b6884) Importer(815301076,1909f56bfc062723c751e8b465ee728b) (PreviewImporter) -> (artifact id: 'c2b3e398442b96683cbf34b909cc174f') in 0.0356518 seconds
Number of updated asset objects reloaded before import = 0Number of asset objects unloaded after import = 2

========================================================================
Received Import Request.
  Time since last request: 0.000059 seconds.
  path: Assets/Model/Players/cappi/Materials/cappi_gloves.mat
  artifactKey: Guid(aa27689ea57d6ff4e8a133f3fe15210f) Importer(815301076,1909f56bfc062723c751e8b465ee728b)
Start importing Assets/Model/Players/cappi/Materials/cappi_gloves.mat using Guid(aa27689ea57d6ff4e8a133f3fe15210f) Importer(815301076,1909f56bfc062723c751e8b465ee728b) (PreviewImporter) -> (artifact id: 'ccc207cb4f52cda52996adc201bc3cfc') in 0.0414463 seconds
Number of updated asset objects reloaded before import = 0Number of asset objects unloaded after import = 3

========================================================================
Received Import Request.
  Time since last request: 0.000050 seconds.
  path: Assets/Model/Players/cappi/Materials/cappi_belt.mat
  artifactKey: Guid(14287922311477c4eaeb6ca30b057ab3) Importer(815301076,1909f56bfc062723c751e8b465ee728b)
Start importing Assets/Model/Players/cappi/Materials/cappi_belt.mat using Guid(14287922311477c4eaeb6ca30b057ab3) Importer(815301076,1909f56bfc062723c751e8b465ee728b) (PreviewImporter) -> (artifact id: '5896686d1940cfcb442c455c0c8b8ce0') in 0.0285727 seconds
Number of updated asset objects reloaded before import = 0Number of asset objects unloaded after import = 2

========================================================================
Received Import Request.
  Time since last request: 0.000097 seconds.
  path: Assets/Model/Players/cappi/Materials/cappi_skin.mat
  artifactKey: Guid(04c31f90acd016c45a338a731c35fd47) Importer(815301076,1909f56bfc062723c751e8b465ee728b)
Start importing Assets/Model/Players/cappi/Materials/cappi_skin.mat using Guid(04c31f90acd016c45a338a731c35fd47) Importer(815301076,1909f56bfc062723c751e8b465ee728b) (PreviewImporter) -> (artifact id: 'f39ac38f33b73f8e6726203187892856') in 0.0248935 seconds
Number of updated asset objects reloaded before import = 0Number of asset objects unloaded after import = 2

========================================================================
Received Import Request.
  Time since last request: 0.000118 seconds.
  path: Assets/Model/Players/cappi/Materials/tail.mat
  artifactKey: Guid(03f0d3ebb9581e84fbd5bca3987d2680) Importer(815301076,1909f56bfc062723c751e8b465ee728b)
Start importing Assets/Model/Players/cappi/Materials/tail.mat using Guid(03f0d3ebb9581e84fbd5bca3987d2680) Importer(815301076,1909f56bfc062723c751e8b465ee728b) (PreviewImporter) -> (artifact id: '4a8aa50168c6871f0cb8d5ff27bbd1d2') in 0.0283742 seconds
Number of updated asset objects reloaded before import = 0Number of asset objects unloaded after import = 2

========================================================================
Received Import Request.
  Time since last request: 0.000039 seconds.
  path: Assets/Model/Players/cappi/Materials/cappi_scarf.mat
  artifactKey: Guid(bd8fdf96dcc0c4e4097aee99956f2742) Importer(815301076,1909f56bfc062723c751e8b465ee728b)
Start importing Assets/Model/Players/cappi/Materials/cappi_scarf.mat using Guid(bd8fdf96dcc0c4e4097aee99956f2742) Importer(815301076,1909f56bfc062723c751e8b465ee728b) (PreviewImporter) -> (artifact id: '5cf405a532291e3a89020bd0b55b0bec') in 0.036854 seconds
Number of updated asset objects reloaded before import = 0Number of asset objects unloaded after import = 2

========================================================================
Received Import Request.
  Time since last request: 0.000039 seconds.
  path: Assets/Model/Players/cappi/Materials/cappi_scarfbadge 1.mat
  artifactKey: Guid(0ee6785cb3bc1be47b32322a01125977) Importer(815301076,1909f56bfc062723c751e8b465ee728b)
Start importing Assets/Model/Players/cappi/Materials/cappi_scarfbadge 1.mat using Guid(0ee6785cb3bc1be47b32322a01125977) Importer(815301076,1909f56bfc062723c751e8b465ee728b) (PreviewImporter) -> (artifact id: '2dc26cc944f5ee18237e017acbaeb3b7') in 0.0259144 seconds
Number of updated asset objects reloaded before import = 0Number of asset objects unloaded after import = 1

========================================================================
Received Import Request.
  Time since last request: 0.000057 seconds.
  path: Assets/Model/Players/cappi/Materials/cappi_skin_face.mat
  artifactKey: Guid(f28742e8818871949b2e6b9d99a2a92e) Importer(815301076,1909f56bfc062723c751e8b465ee728b)
Start importing Assets/Model/Players/cappi/Materials/cappi_skin_face.mat using Guid(f28742e8818871949b2e6b9d99a2a92e) Importer(815301076,1909f56bfc062723c751e8b465ee728b) (PreviewImporter) -> (artifact id: '8f36997d8c99449583c0f904019661c5') in 0.0295498 seconds
Number of updated asset objects reloaded before import = 0Number of asset objects unloaded after import = 2

========================================================================
Received Import Request.
  Time since last request: 0.000028 seconds.
  path: Assets/Model/Players/cappi/Materials/cappi_hoodie_shirt.mat
  artifactKey: Guid(0179c9f5f8ecf7a4dbeebda9f56d7aef) Importer(815301076,1909f56bfc062723c751e8b465ee728b)
Start importing Assets/Model/Players/cappi/Materials/cappi_hoodie_shirt.mat using Guid(0179c9f5f8ecf7a4dbeebda9f56d7aef) Importer(815301076,1909f56bfc062723c751e8b465ee728b) (PreviewImporter) -> (artifact id: 'b069197ae0fa3cb49fb498770d359e6d') in 0.0403313 seconds
Number of updated asset objects reloaded before import = 0Number of asset objects unloaded after import = 3

========================================================================
Received Import Request.
  Time since last request: 0.000028 seconds.
  path: Assets/Model/Players/cappi/Materials/cappi_pants.mat
  artifactKey: Guid(0f310633a614be7459e685722ccb1848) Importer(815301076,1909f56bfc062723c751e8b465ee728b)
Start importing Assets/Model/Players/cappi/Materials/cappi_pants.mat using Guid(0f310633a614be7459e685722ccb1848) Importer(815301076,1909f56bfc062723c751e8b465ee728b) (PreviewImporter) -> (artifact id: '405d0820a4f47f94de79b7af36e4eda4') in 0.0322791 seconds
Number of updated asset objects reloaded before import = 0Number of asset objects unloaded after import = 2

Editor requested this worker to shutdown with reason: Scaling down because of idle timeout
AssetImportWorker is now disconnected from the server
Process exiting
Exiting without the bug reporter. Application will terminate with return code 0