{"cameraMode":{"drawMode":0,"name":"Shaded","section":"Shading Mode"},"sceneLighting":false,"audioPlay":false,"sceneViewState":{"m_AlwaysRefresh":false,"showFog":true,"showSkybox":false,"showFlares":true,"showImageEffects":true,"showParticleSystems":true,"showVisualEffectGraphs":true,"m_FxEnabled":true},"in2DMode":false,"pivot":{"x":-1.1089706420898438,"y":0.0073607563972473148,"z":1.1787900924682618},"rotation":{"x":0.12945343554019929,"y":0.002653986681252718,"z":-0.00040348456241190434,"w":0.991653561592102},"size":3.7736520767211916,"orthographic":false}