{"cameraMode":{"drawMode":0,"name":"Shaded","section":"Shading Mode"},"sceneLighting":false,"audioPlay":false,"sceneViewState":{"m_AlwaysRefresh":false,"showFog":true,"showSkybox":false,"showFlares":true,"showImageEffects":true,"showParticleSystems":true,"showVisualEffectGraphs":true,"m_FxEnabled":true},"in2DMode":false,"pivot":{"x":-0.0008868120494298637,"y":0.002547021023929119,"z":-0.0006628325209021568},"rotation":{"x":-0.17563188076019288,"y":-0.08387445658445358,"z":-0.015078641474246979,"w":0.980834424495697},"size":0.0028878028970211746,"orthographic":false}